solid OpenSCAD_Model
  facet normal -1 0 0
    outer loop
      vertex 33.5 14.4 0
      vertex 33.5 16.4 1.6
      vertex 33.5 16.4 0
    endloop
  endfacet
  facet normal -1 -0 0
    outer loop
      vertex 33.5 16.4 1.6
      vertex 33.5 14.4 0
      vertex 33.5 14.4 1.6
    endloop
  endfacet
  facet normal 1 -0 0
    outer loop
      vertex 11.5 14.4 1.6
      vertex 11.5 16.4 0
      vertex 11.5 16.4 1.6
    endloop
  endfacet
  facet normal 1 0 0
    outer loop
      vertex 11.5 16.4 0
      vertex 11.5 14.4 1.6
      vertex 11.5 14.4 0
    endloop
  endfacet
  facet normal 0 -1 0
    outer loop
      vertex 11.5 16.4 0
      vertex 33.5 16.4 1.6
      vertex 11.5 16.4 1.6
    endloop
  endfacet
  facet normal 0 -1 -0
    outer loop
      vertex 33.5 16.4 1.6
      vertex 11.5 16.4 0
      vertex 33.5 16.4 0
    endloop
  endfacet
  facet normal 0 1 -0
    outer loop
      vertex 33.5 14.4 0
      vertex 11.5 14.4 1.6
      vertex 33.5 14.4 1.6
    endloop
  endfacet
  facet normal 0 1 0
    outer loop
      vertex 11.5 14.4 1.6
      vertex 33.5 14.4 0
      vertex 11.5 14.4 0
    endloop
  endfacet
  facet normal -1 0 0
    outer loop
      vertex 33.5 17.9 0
      vertex 33.5 19.9 1.6
      vertex 33.5 19.9 0
    endloop
  endfacet
  facet normal -1 -0 0
    outer loop
      vertex 33.5 19.9 1.6
      vertex 33.5 17.9 0
      vertex 33.5 17.9 1.6
    endloop
  endfacet
  facet normal 1 -0 0
    outer loop
      vertex 11.5 17.9 1.6
      vertex 11.5 19.9 0
      vertex 11.5 19.9 1.6
    endloop
  endfacet
  facet normal 1 0 0
    outer loop
      vertex 11.5 19.9 0
      vertex 11.5 17.9 1.6
      vertex 11.5 17.9 0
    endloop
  endfacet
  facet normal 0 -1 0
    outer loop
      vertex 11.5 19.9 0
      vertex 33.5 19.9 1.6
      vertex 11.5 19.9 1.6
    endloop
  endfacet
  facet normal 0 -1 -0
    outer loop
      vertex 33.5 19.9 1.6
      vertex 11.5 19.9 0
      vertex 33.5 19.9 0
    endloop
  endfacet
  facet normal 0 1 -0
    outer loop
      vertex 33.5 17.9 0
      vertex 11.5 17.9 1.6
      vertex 33.5 17.9 1.6
    endloop
  endfacet
  facet normal 0 1 0
    outer loop
      vertex 11.5 17.9 1.6
      vertex 33.5 17.9 0
      vertex 11.5 17.9 0
    endloop
  endfacet
  facet normal -1 0 0
    outer loop
      vertex 33.5 21.4 0
      vertex 33.5 23.4 1.6
      vertex 33.5 23.4 0
    endloop
  endfacet
  facet normal -1 -0 0
    outer loop
      vertex 33.5 23.4 1.6
      vertex 33.5 21.4 0
      vertex 33.5 21.4 1.6
    endloop
  endfacet
  facet normal 1 -0 0
    outer loop
      vertex 11.5 21.4 1.6
      vertex 11.5 23.4 0
      vertex 11.5 23.4 1.6
    endloop
  endfacet
  facet normal 1 0 0
    outer loop
      vertex 11.5 23.4 0
      vertex 11.5 21.4 1.6
      vertex 11.5 21.4 0
    endloop
  endfacet
  facet normal 0 -1 0
    outer loop
      vertex 11.5 23.4 0
      vertex 33.5 23.4 1.6
      vertex 11.5 23.4 1.6
    endloop
  endfacet
  facet normal 0 -1 -0
    outer loop
      vertex 33.5 23.4 1.6
      vertex 11.5 23.4 0
      vertex 33.5 23.4 0
    endloop
  endfacet
  facet normal 0 1 -0
    outer loop
      vertex 33.5 21.4 0
      vertex 11.5 21.4 1.6
      vertex 33.5 21.4 1.6
    endloop
  endfacet
  facet normal 0 1 0
    outer loop
      vertex 11.5 21.4 1.6
      vertex 33.5 21.4 0
      vertex 11.5 21.4 0
    endloop
  endfacet
  facet normal -1 0 0
    outer loop
      vertex 33.5 24.9 0
      vertex 33.5 26.9 1.6
      vertex 33.5 26.9 0
    endloop
  endfacet
  facet normal -1 -0 0
    outer loop
      vertex 33.5 26.9 1.6
      vertex 33.5 24.9 0
      vertex 33.5 24.9 1.6
    endloop
  endfacet
  facet normal 1 -0 0
    outer loop
      vertex 11.5 24.9 1.6
      vertex 11.5 26.9 0
      vertex 11.5 26.9 1.6
    endloop
  endfacet
  facet normal 1 0 0
    outer loop
      vertex 11.5 26.9 0
      vertex 11.5 24.9 1.6
      vertex 11.5 24.9 0
    endloop
  endfacet
  facet normal 0 -1 0
    outer loop
      vertex 11.5 26.9 0
      vertex 33.5 26.9 1.6
      vertex 11.5 26.9 1.6
    endloop
  endfacet
  facet normal 0 -1 -0
    outer loop
      vertex 33.5 26.9 1.6
      vertex 11.5 26.9 0
      vertex 33.5 26.9 0
    endloop
  endfacet
  facet normal 0 1 -0
    outer loop
      vertex 33.5 24.9 0
      vertex 11.5 24.9 1.6
      vertex 33.5 24.9 1.6
    endloop
  endfacet
  facet normal 0 1 0
    outer loop
      vertex 11.5 24.9 1.6
      vertex 33.5 24.9 0
      vertex 11.5 24.9 0
    endloop
  endfacet
  facet normal 0.891014 0.453976 0
    outer loop
      vertex 44.9021 33.618 18.4
      vertex 44.618 34.1756 0
      vertex 44.618 34.1756 18.4
    endloop
  endfacet
  facet normal 0.891014 0.453976 0
    outer loop
      vertex 44.618 34.1756 0
      vertex 44.9021 33.618 18.4
      vertex 44.9021 33.618 0
    endloop
  endfacet
  facet normal 0 -1 0
    outer loop
      vertex 2 0 18.4
      vertex 18 0 16.4
      vertex 43 0 18.4
    endloop
  endfacet
  facet normal 0 -1 0
    outer loop
      vertex 2 0 18.4
      vertex 18 0 12.9
      vertex 18 0 16.4
    endloop
  endfacet
  facet normal 0 -1 -0
    outer loop
      vertex 18 0 12.9
      vertex 2 0 0
      vertex 27 0 12.9
    endloop
  endfacet
  facet normal 0 -1 0
    outer loop
      vertex 2 0 0
      vertex 18 0 12.9
      vertex 2 0 18.4
    endloop
  endfacet
  facet normal 0 -1 0
    outer loop
      vertex 27 0 16.4
      vertex 43 0 18.4
      vertex 18 0 16.4
    endloop
  endfacet
  facet normal 0 -1 0
    outer loop
      vertex 27 0 12.9
      vertex 43 0 18.4
      vertex 27 0 16.4
    endloop
  endfacet
  facet normal 0 -1 0
    outer loop
      vertex 43 0 0
      vertex 27 0 12.9
      vertex 2 0 0
    endloop
  endfacet
  facet normal 0 -1 0
    outer loop
      vertex 27 0 12.9
      vertex 43 0 0
      vertex 43 0 18.4
    endloop
  endfacet
  facet normal 0.453951 -0.891027 0
    outer loop
      vertex 43.618 0.0978861 0
      vertex 44.1756 0.381966 18.4
      vertex 43.618 0.0978861 18.4
    endloop
  endfacet
  facet normal 0.453951 -0.891027 0
    outer loop
      vertex 44.1756 0.381966 18.4
      vertex 43.618 0.0978861 0
      vertex 44.1756 0.381966 0
    endloop
  endfacet
  facet normal 0.707107 0.707107 0
    outer loop
      vertex 44.618 34.1756 18.4
      vertex 44.1756 34.618 0
      vertex 44.1756 34.618 18.4
    endloop
  endfacet
  facet normal 0.707107 0.707107 0
    outer loop
      vertex 44.1756 34.618 0
      vertex 44.618 34.1756 18.4
      vertex 44.618 34.1756 0
    endloop
  endfacet
  facet normal 0.987685 -0.156456 0
    outer loop
      vertex 44.9021 1.38197 18.4
      vertex 45 2 0
      vertex 45 2 18.4
    endloop
  endfacet
  facet normal 0.987685 -0.156456 0
    outer loop
      vertex 45 2 0
      vertex 44.9021 1.38197 18.4
      vertex 44.9021 1.38197 0
    endloop
  endfacet
  facet normal -0.987688 -0.156434 0
    outer loop
      vertex 0.0978861 1.38197 0
      vertex 0 2 18.4
      vertex 0 2 0
    endloop
  endfacet
  facet normal -0.987688 -0.156434 0
    outer loop
      vertex 0 2 18.4
      vertex 0.0978861 1.38197 0
      vertex 0.0978861 1.38197 18.4
    endloop
  endfacet
  facet normal -0.891027 0.453951 0
    outer loop
      vertex 0.0978861 33.618 0
      vertex 0.381966 34.1756 18.4
      vertex 0.381966 34.1756 0
    endloop
  endfacet
  facet normal -0.891027 0.453951 0
    outer loop
      vertex 0.381966 34.1756 18.4
      vertex 0.0978861 33.618 0
      vertex 0.0978861 33.618 18.4
    endloop
  endfacet
  facet normal 0.453976 0.891014 -0
    outer loop
      vertex 44.1756 34.618 0
      vertex 43.618 34.9021 18.4
      vertex 44.1756 34.618 18.4
    endloop
  endfacet
  facet normal 0.453976 0.891014 0
    outer loop
      vertex 43.618 34.9021 18.4
      vertex 44.1756 34.618 0
      vertex 43.618 34.9021 0
    endloop
  endfacet
  facet normal -0.453989 -0.891007 0
    outer loop
      vertex 0.824429 0.381966 0
      vertex 1.38197 0.0978861 18.4
      vertex 0.824429 0.381966 18.4
    endloop
  endfacet
  facet normal -0.453989 -0.891007 -0
    outer loop
      vertex 1.38197 0.0978861 18.4
      vertex 0.824429 0.381966 0
      vertex 1.38197 0.0978861 0
    endloop
  endfacet
  facet normal -1 0 0
    outer loop
      vertex 0 2 0
      vertex 0 33 18.4
      vertex 0 33 0
    endloop
  endfacet
  facet normal -1 -0 0
    outer loop
      vertex 0 33 18.4
      vertex 0 2 0
      vertex 0 2 18.4
    endloop
  endfacet
  facet normal -0.454014 0.890994 0
    outer loop
      vertex 1.38197 34.9021 0
      vertex 0.824429 34.618 18.4
      vertex 1.38197 34.9021 18.4
    endloop
  endfacet
  facet normal -0.454014 0.890994 0
    outer loop
      vertex 0.824429 34.618 18.4
      vertex 1.38197 34.9021 0
      vertex 0.824429 34.618 0
    endloop
  endfacet
  facet normal 0.156442 -0.987687 0
    outer loop
      vertex 43 0 0
      vertex 43.618 0.0978861 18.4
      vertex 43 0 18.4
    endloop
  endfacet
  facet normal 0.156442 -0.987687 0
    outer loop
      vertex 43.618 0.0978861 18.4
      vertex 43 0 0
      vertex 43.618 0.0978861 0
    endloop
  endfacet
  facet normal -0.156434 -0.987688 0
    outer loop
      vertex 1.38197 0.0978861 0
      vertex 2 0 18.4
      vertex 1.38197 0.0978861 18.4
    endloop
  endfacet
  facet normal -0.156434 -0.987688 -0
    outer loop
      vertex 2 0 18.4
      vertex 1.38197 0.0978861 0
      vertex 2 0 0
    endloop
  endfacet
  facet normal 1 -0 0
    outer loop
      vertex 45 2 18.4
      vertex 45 33 0
      vertex 45 33 18.4
    endloop
  endfacet
  facet normal 1 0 0
    outer loop
      vertex 45 33 0
      vertex 45 2 18.4
      vertex 45 2 0
    endloop
  endfacet
  facet normal 0 1 -0
    outer loop
      vertex 43 35 0
      vertex 2 35 18.4
      vertex 43 35 18.4
    endloop
  endfacet
  facet normal 0 1 0
    outer loop
      vertex 2 35 18.4
      vertex 43 35 0
      vertex 2 35 0
    endloop
  endfacet
  facet normal -0.987687 0.156442 0
    outer loop
      vertex 0 33 0
      vertex 0.0978861 33.618 18.4
      vertex 0.0978861 33.618 0
    endloop
  endfacet
  facet normal -0.987687 0.156442 0
    outer loop
      vertex 0.0978861 33.618 18.4
      vertex 0 33 0
      vertex 0 33 18.4
    endloop
  endfacet
  facet normal -0.707056 0.707157 0
    outer loop
      vertex 0.381966 34.1756 0
      vertex 0.824429 34.618 18.4
      vertex 0.824429 34.618 0
    endloop
  endfacet
  facet normal -0.707056 0.707157 0
    outer loop
      vertex 0.824429 34.618 18.4
      vertex 0.381966 34.1756 0
      vertex 0.381966 34.1756 18.4
    endloop
  endfacet
  facet normal -0.156456 0.987685 0
    outer loop
      vertex 2 35 0
      vertex 1.38197 34.9021 18.4
      vertex 2 35 18.4
    endloop
  endfacet
  facet normal -0.156456 0.987685 0
    outer loop
      vertex 1.38197 34.9021 18.4
      vertex 2 35 0
      vertex 1.38197 34.9021 0
    endloop
  endfacet
  facet normal 0.156463 0.987684 -0
    outer loop
      vertex 43.618 34.9021 0
      vertex 43 35 18.4
      vertex 43.618 34.9021 18.4
    endloop
  endfacet
  facet normal 0.156463 0.987684 0
    outer loop
      vertex 43 35 18.4
      vertex 43.618 34.9021 0
      vertex 43 35 0
    endloop
  endfacet
  facet normal 0.890994 -0.454014 0
    outer loop
      vertex 44.618 0.824429 18.4
      vertex 44.9021 1.38197 0
      vertex 44.9021 1.38197 18.4
    endloop
  endfacet
  facet normal 0.890994 -0.454014 0
    outer loop
      vertex 44.9021 1.38197 0
      vertex 44.618 0.824429 18.4
      vertex 44.618 0.824429 0
    endloop
  endfacet
  facet normal 0.707157 -0.707056 0
    outer loop
      vertex 44.1756 0.381966 18.4
      vertex 44.618 0.824429 0
      vertex 44.618 0.824429 18.4
    endloop
  endfacet
  facet normal 0.707157 -0.707056 0
    outer loop
      vertex 44.618 0.824429 0
      vertex 44.1756 0.381966 18.4
      vertex 44.1756 0.381966 0
    endloop
  endfacet
  facet normal 0.987684 0.156463 0
    outer loop
      vertex 45 33 18.4
      vertex 44.9021 33.618 0
      vertex 44.9021 33.618 18.4
    endloop
  endfacet
  facet normal 0.987684 0.156463 0
    outer loop
      vertex 44.9021 33.618 0
      vertex 45 33 18.4
      vertex 45 33 0
    endloop
  endfacet
  facet normal 0 0 -1
    outer loop
      vertex 16.4103 9.39787 0
      vertex 16.6419 9.83513 0
      vertex 16.6129 9.70627 0
    endloop
  endfacet
  facet normal 0 0 -1
    outer loop
      vertex 16.497 9.48923 0
      vertex 16.6129 9.70627 0
      vertex 16.5646 9.59097 0
    endloop
  endfacet
  facet normal -0 0 -1
    outer loop
      vertex 16.6419 9.83513 0
      vertex 16.4103 9.39787 0
      vertex 16.6515 9.97755 0
    endloop
  endfacet
  facet normal 0 0 -1
    outer loop
      vertex 16.6129 9.70627 0
      vertex 16.497 9.48923 0
      vertex 16.4103 9.39787 0
    endloop
  endfacet
  facet normal 0 0 -1
    outer loop
      vertex 16.3051 9.31361 0
      vertex 16.6515 9.97755 0
      vertex 16.4103 9.39787 0
    endloop
  endfacet
  facet normal 0 0 -1
    outer loop
      vertex 16.2881 10.6611 0
      vertex 16.6515 9.97755 0
      vertex 16.3051 9.31361 0
    endloop
  endfacet
  facet normal 0 0 -1
    outer loop
      vertex 16.6515 9.97755 0
      vertex 16.2881 10.6611 0
      vertex 16.5607 10.3763 0
    endloop
  endfacet
  facet normal 0 0 -1
    outer loop
      vertex 16.1811 9.23647 0
      vertex 16.2881 10.6611 0
      vertex 16.3051 9.31361 0
    endloop
  endfacet
  facet normal 0 0 -1
    outer loop
      vertex 15.8337 10.832 0
      vertex 16.1811 9.23647 0
      vertex 16.0386 9.16643 0
    endloop
  endfacet
  facet normal 0 0 -1
    outer loop
      vertex 15.8337 10.832 0
      vertex 16.0386 9.16643 0
      vertex 15.8477 9.09575 0
    endloop
  endfacet
  facet normal 0 0 -1
    outer loop
      vertex 16.1811 9.23647 0
      vertex 15.8337 10.832 0
      vertex 16.2881 10.6611 0
    endloop
  endfacet
  facet normal 0 0 -1
    outer loop
      vertex 15.5788 9.01659 0
      vertex 15.8337 10.832 0
      vertex 15.8477 9.09575 0
    endloop
  endfacet
  facet normal 0 0 -1
    outer loop
      vertex 15.1976 10.8889 0
      vertex 15.5788 9.01659 0
      vertex 15.2319 8.92896 0
    endloop
  endfacet
  facet normal 0 0 -1
    outer loop
      vertex 15.5788 9.01659 0
      vertex 15.1976 10.8889 0
      vertex 15.8337 10.832 0
    endloop
  endfacet
  facet normal 0 0 -1
    outer loop
      vertex 15.2319 8.92896 0
      vertex 14.8757 10.8733 0
      vertex 15.1976 10.8889 0
    endloop
  endfacet
  facet normal 0 0 -1
    outer loop
      vertex 14.5934 10.8265 0
      vertex 15.2319 8.92896 0
      vertex 14.8071 8.83284 0
    endloop
  endfacet
  facet normal 0 0 -1
    outer loop
      vertex 15.2319 8.92896 0
      vertex 14.5934 10.8265 0
      vertex 14.8757 10.8733 0
    endloop
  endfacet
  facet normal 0 0 -1
    outer loop
      vertex 14.8071 8.83284 0
      vertex 14.3508 10.7485 0
      vertex 14.5934 10.8265 0
    endloop
  endfacet
  facet normal 0 0 -1
    outer loop
      vertex 13.6624 9.89612 0
      vertex 14.8071 8.83284 0
      vertex 14.2956 8.7184 0
    endloop
  endfacet
  facet normal 0 0 -1
    outer loop
      vertex 14.8071 8.83284 0
      vertex 14.1479 10.6393 0
      vertex 14.3508 10.7485 0
    endloop
  endfacet
  facet normal 0 0 -1
    outer loop
      vertex 14.8071 8.83284 0
      vertex 13.9802 10.4993 0
      vertex 14.1479 10.6393 0
    endloop
  endfacet
  facet normal 0 0 -1
    outer loop
      vertex 13.6624 9.89612 0
      vertex 14.2956 8.7184 0
      vertex 13.8624 8.60837 0
    endloop
  endfacet
  facet normal 0 0 -1
    outer loop
      vertex 14.8071 8.83284 0
      vertex 13.6624 9.89612 0
      vertex 13.7375 10.1277 0
    endloop
  endfacet
  facet normal 0 0 -1
    outer loop
      vertex 14.8071 8.83284 0
      vertex 13.7375 10.1277 0
      vertex 13.8434 10.3288 0
    endloop
  endfacet
  facet normal 0 0 -1
    outer loop
      vertex 14.8071 8.83284 0
      vertex 13.8434 10.3288 0
      vertex 13.9802 10.4993 0
    endloop
  endfacet
  facet normal 0 0 -1
    outer loop
      vertex 13.5076 8.50276 0
      vertex 13.6624 9.89612 0
      vertex 13.8624 8.60837 0
    endloop
  endfacet
  facet normal 0 0 -1
    outer loop
      vertex 13.2311 8.40155 0
      vertex 13.6624 9.89612 0
      vertex 13.5076 8.50276 0
    endloop
  endfacet
  facet normal 0 0 -1
    outer loop
      vertex 12.1108 10.1077 0
      vertex 13.2311 8.40155 0
      vertex 13.0061 8.29848 0
    endloop
  endfacet
  facet normal 0 0 -1
    outer loop
      vertex 12.1108 10.1077 0
      vertex 13.0061 8.29848 0
      vertex 12.8059 8.18727 0
    endloop
  endfacet
  facet normal 0 0 -1
    outer loop
      vertex 12.1108 10.1077 0
      vertex 12.8059 8.18727 0
      vertex 12.6305 8.06792 0
    endloop
  endfacet
  facet normal 0 0 -1
    outer loop
      vertex 12.1108 10.1077 0
      vertex 12.6305 8.06792 0
      vertex 12.4798 7.94044 0
    endloop
  endfacet
  facet normal 0 0 -1
    outer loop
      vertex 12.1108 10.1077 0
      vertex 12.4798 7.94044 0
      vertex 12.3495 7.80244 0
    endloop
  endfacet
  facet normal 0 0 -1
    outer loop
      vertex 12.1108 10.1077 0
      vertex 12.3495 7.80244 0
      vertex 12.2356 7.65155 0
    endloop
  endfacet
  facet normal 0 0 -1
    outer loop
      vertex 13.2311 8.40155 0
      vertex 12.1108 10.1077 0
      vertex 13.6624 9.89612 0
    endloop
  endfacet
  facet normal 0 0 -1
    outer loop
      vertex 12.138 7.48776 0
      vertex 12.1108 10.1077 0
      vertex 12.2356 7.65155 0
    endloop
  endfacet
  facet normal 0 -0 -1
    outer loop
      vertex 12.1108 10.1077 0
      vertex 12.138 7.48776 0
      vertex 12.0566 7.31108 0
    endloop
  endfacet
  facet normal 0 0 -1
    outer loop
      vertex 19.1349 10.672 0
      vertex 18.2019 9.68764 0
      vertex 18.2085 9.88531 0
    endloop
  endfacet
  facet normal 0 0 -1
    outer loop
      vertex 19.2597 8.30659 0
      vertex 18.1821 9.5015 0
      vertex 18.2019 9.68764 0
    endloop
  endfacet
  facet normal 0 0 -1
    outer loop
      vertex 19.2597 8.30659 0
      vertex 18.149 9.32687 0
      vertex 18.1821 9.5015 0
    endloop
  endfacet
  facet normal 0 0 -1
    outer loop
      vertex 19.2597 8.30659 0
      vertex 18.1027 9.16379 0
      vertex 18.149 9.32687 0
    endloop
  endfacet
  facet normal 0 0 -1
    outer loop
      vertex 19.2597 8.30659 0
      vertex 18.0446 9.01155 0
      vertex 18.1027 9.16379 0
    endloop
  endfacet
  facet normal 0 0 -1
    outer loop
      vertex 19.2597 8.30659 0
      vertex 17.976 8.86949 0
      vertex 18.0446 9.01155 0
    endloop
  endfacet
  facet normal 0 0 -1
    outer loop
      vertex 19.2597 8.30659 0
      vertex 17.8968 8.73759 0
      vertex 17.976 8.86949 0
    endloop
  endfacet
  facet normal 0 0 -1
    outer loop
      vertex 19.2597 8.30659 0
      vertex 17.8071 8.61588 0
      vertex 17.8968 8.73759 0
    endloop
  endfacet
  facet normal 0 0 -1
    outer loop
      vertex 19.2597 8.30659 0
      vertex 17.7071 8.50346 0
      vertex 17.8071 8.61588 0
    endloop
  endfacet
  facet normal 0 0 -1
    outer loop
      vertex 19.2597 7.06973 0
      vertex 17.7071 8.50346 0
      vertex 19.2597 8.30659 0
    endloop
  endfacet
  facet normal 0 0 -1
    outer loop
      vertex 18.5666 6.25597 0
      vertex 17.4765 8.30406 0
      vertex 17.5969 8.39954 0
    endloop
  endfacet
  facet normal 0 0 -1
    outer loop
      vertex 18.5666 6.25597 0
      vertex 17.346 8.21707 0
      vertex 17.4765 8.30406 0
    endloop
  endfacet
  facet normal 0 0 -1
    outer loop
      vertex 17.0204 6.51093 0
      vertex 17.346 8.21707 0
      vertex 18.5666 6.25597 0
    endloop
  endfacet
  facet normal 0 0 -1
    outer loop
      vertex 17.346 8.21707 0
      vertex 17.0204 6.51093 0
      vertex 17.2063 8.13707 0
    endloop
  endfacet
  facet normal 0 0 -1
    outer loop
      vertex 17.2063 8.13707 0
      vertex 17.0204 6.51093 0
      vertex 17.0585 8.06247 0
    endloop
  endfacet
  facet normal 0 0 -1
    outer loop
      vertex 15.9409 7.70229 0
      vertex 17.0204 6.51093 0
      vertex 16.9231 6.22798 0
    endloop
  endfacet
  facet normal 0 0 -1
    outer loop
      vertex 17.0204 6.51093 0
      vertex 16.9025 7.99332 0
      vertex 17.0585 8.06247 0
    endloop
  endfacet
  facet normal 0 0 -1
    outer loop
      vertex 15.5448 7.60684 0
      vertex 16.9231 6.22798 0
      vertex 16.7885 5.98672 0
    endloop
  endfacet
  facet normal 0 0 -1
    outer loop
      vertex 17.0204 6.51093 0
      vertex 16.7384 7.92957 0
      vertex 16.9025 7.99332 0
    endloop
  endfacet
  facet normal 0 0 -1
    outer loop
      vertex 15.5448 7.60684 0
      vertex 16.7885 5.98672 0
      vertex 16.6166 5.78717 0
    endloop
  endfacet
  facet normal 0 0 -1
    outer loop
      vertex 17.0204 6.51093 0
      vertex 16.5377 7.86365 0
      vertex 16.7384 7.92957 0
    endloop
  endfacet
  facet normal 0 0 -1
    outer loop
      vertex 15.5448 7.60684 0
      vertex 16.6166 5.78717 0
      vertex 16.4075 5.62933 0
    endloop
  endfacet
  facet normal 0 0 -1
    outer loop
      vertex 17.0204 6.51093 0
      vertex 16.2718 7.78789 0
      vertex 16.5377 7.86365 0
    endloop
  endfacet
  facet normal 0 0 -1
    outer loop
      vertex 15.5448 7.60684 0
      vertex 16.4075 5.62933 0
      vertex 16.1575 5.50949 0
    endloop
  endfacet
  facet normal 0 0 -1
    outer loop
      vertex 17.0204 6.51093 0
      vertex 15.9409 7.70229 0
      vertex 16.2718 7.78789 0
    endloop
  endfacet
  facet normal 0 0 -1
    outer loop
      vertex 15.5448 7.60684 0
      vertex 16.1575 5.50949 0
      vertex 15.8635 5.42389 0
    endloop
  endfacet
  facet normal 0 0 -1
    outer loop
      vertex 16.9231 6.22798 0
      vertex 15.5448 7.60684 0
      vertex 15.9409 7.70229 0
    endloop
  endfacet
  facet normal 0 0 -1
    outer loop
      vertex 15.0886 7.51018 0
      vertex 15.8635 5.42389 0
      vertex 15.5255 5.37253 0
    endloop
  endfacet
  facet normal 0 0 -1
    outer loop
      vertex 15.0886 7.51018 0
      vertex 15.5255 5.37253 0
      vertex 15.1434 5.35541 0
    endloop
  endfacet
  facet normal 0 0 -1
    outer loop
      vertex 15.8635 5.42389 0
      vertex 15.0886 7.51018 0
      vertex 15.5448 7.60684 0
    endloop
  endfacet
  facet normal 0 0 -1
    outer loop
      vertex 15.1434 5.35541 0
      vertex 14.7128 7.42099 0
      vertex 15.0886 7.51018 0
    endloop
  endfacet
  facet normal 0 0 -1
    outer loop
      vertex 14.41 5.41916 0
      vertex 14.7128 7.42099 0
      vertex 15.1434 5.35541 0
    endloop
  endfacet
  facet normal 0 0 -1
    outer loop
      vertex 14.7128 7.42099 0
      vertex 14.41 5.41916 0
      vertex 14.4173 7.33926 0
    endloop
  endfacet
  facet normal 0 0 -1
    outer loop
      vertex 14.41 5.41916 0
      vertex 14.2022 7.26501 0
      vertex 14.4173 7.33926 0
    endloop
  endfacet
  facet normal 0 0 -1
    outer loop
      vertex 14.41 5.41916 0
      vertex 14.037 7.19008 0
      vertex 14.2022 7.26501 0
    endloop
  endfacet
  facet normal 0 0 -1
    outer loop
      vertex 13.8861 5.61038 0
      vertex 14.037 7.19008 0
      vertex 14.41 5.41916 0
    endloop
  endfacet
  facet normal 0 0 -1
    outer loop
      vertex 14.037 7.19008 0
      vertex 13.8861 5.61038 0
      vertex 13.8916 7.10632 0
    endloop
  endfacet
  facet normal 0 0 -1
    outer loop
      vertex 13.8861 5.61038 0
      vertex 13.7658 7.01376 0
      vertex 13.8916 7.10632 0
    endloop
  endfacet
  facet normal 0 0 -1
    outer loop
      vertex 13.467 6.37532 0
      vertex 13.7658 7.01376 0
      vertex 13.8861 5.61038 0
    endloop
  endfacet
  facet normal 0 0 -1
    outer loop
      vertex 13.7658 7.01376 0
      vertex 13.467 6.37532 0
      vertex 13.6597 6.91237 0
    endloop
  endfacet
  facet normal 0 0 -1
    outer loop
      vertex 13.467 6.37532 0
      vertex 13.8861 5.61038 0
      vertex 13.5718 5.92911 0
    endloop
  endfacet
  facet normal 0 -0 -1
    outer loop
      vertex 13.4791 6.53096 0
      vertex 13.6597 6.91237 0
      vertex 13.467 6.37532 0
    endloop
  endfacet
  facet normal 0 0 -1
    outer loop
      vertex 13.6597 6.91237 0
      vertex 13.4791 6.53096 0
      vertex 13.5754 6.79948 0
    endloop
  endfacet
  facet normal 0 0 -1
    outer loop
      vertex 13.5754 6.79948 0
      vertex 13.4791 6.53096 0
      vertex 13.5152 6.67235 0
    endloop
  endfacet
  facet normal 0 0 -1
    outer loop
      vertex 24.7715 11.9088 0
      vertex 28.9619 8.67555 0
      vertex 25.4302 4.26501 0
    endloop
  endfacet
  facet normal 0 0 -1
    outer loop
      vertex 31.0071 8.44228 0
      vertex 27.5622 11.9088 0
      vertex 31.0071 11.9088 0
    endloop
  endfacet
  facet normal 0 0 -1
    outer loop
      vertex 11.5 23.4 0
      vertex 33.5 24.9 0
      vertex 33.5 23.4 0
    endloop
  endfacet
  facet normal -0 0 -1
    outer loop
      vertex 33.5 24.9 0
      vertex 11.5 23.4 0
      vertex 11.5 24.9 0
    endloop
  endfacet
  facet normal 0 0 -1
    outer loop
      vertex 11.5 19.9 0
      vertex 33.5 21.4 0
      vertex 33.5 19.9 0
    endloop
  endfacet
  facet normal -0 0 -1
    outer loop
      vertex 33.5 21.4 0
      vertex 11.5 19.9 0
      vertex 11.5 21.4 0
    endloop
  endfacet
  facet normal 0 0 -1
    outer loop
      vertex 11.5 16.4 0
      vertex 33.5 17.9 0
      vertex 33.5 16.4 0
    endloop
  endfacet
  facet normal -0 0 -1
    outer loop
      vertex 33.5 17.9 0
      vertex 11.5 16.4 0
      vertex 11.5 17.9 0
    endloop
  endfacet
  facet normal 0 0 -1
    outer loop
      vertex 43 0 0
      vertex 45 2 0
      vertex 44.9021 1.38197 0
    endloop
  endfacet
  facet normal 0 0 -1
    outer loop
      vertex 45 2 0
      vertex 33.5 17.9 0
      vertex 45 33 0
    endloop
  endfacet
  facet normal 0 0 -1
    outer loop
      vertex 43 0 0
      vertex 44.9021 1.38197 0
      vertex 44.618 0.824429 0
    endloop
  endfacet
  facet normal 0 0 -1
    outer loop
      vertex 33.5 19.9 0
      vertex 45 33 0
      vertex 33.5 17.9 0
    endloop
  endfacet
  facet normal 0 0 -1
    outer loop
      vertex 43 0 0
      vertex 44.618 0.824429 0
      vertex 44.1756 0.381966 0
    endloop
  endfacet
  facet normal 0 0 -1
    outer loop
      vertex 33.5 21.4 0
      vertex 45 33 0
      vertex 33.5 19.9 0
    endloop
  endfacet
  facet normal 0 0 -1
    outer loop
      vertex 43 0 0
      vertex 44.1756 0.381966 0
      vertex 43.618 0.0978861 0
    endloop
  endfacet
  facet normal 0 0 -1
    outer loop
      vertex 33.5 23.4 0
      vertex 45 33 0
      vertex 33.5 21.4 0
    endloop
  endfacet
  facet normal -0 0 -1
    outer loop
      vertex 45 2 0
      vertex 43 0 0
      vertex 32.6075 4.26501 0
    endloop
  endfacet
  facet normal 0 0 -1
    outer loop
      vertex 33.5 24.9 0
      vertex 45 33 0
      vertex 33.5 23.4 0
    endloop
  endfacet
  facet normal 0 0 -1
    outer loop
      vertex 45 2 0
      vertex 33.5 14.4 0
      vertex 33.5 16.4 0
    endloop
  endfacet
  facet normal 0 0 -1
    outer loop
      vertex 45 2 0
      vertex 32.6075 4.26501 0
      vertex 32.6075 11.9088 0
    endloop
  endfacet
  facet normal 0 0 -1
    outer loop
      vertex 43 0 0
      vertex 31.0071 4.26501 0
      vertex 32.6075 4.26501 0
    endloop
  endfacet
  facet normal 0 0 -1
    outer loop
      vertex 31.0071 4.26501 0
      vertex 30.0632 7.77501 0
      vertex 31.0071 7.05348 0
    endloop
  endfacet
  facet normal 0 0 -1
    outer loop
      vertex 31.0071 4.26501 0
      vertex 27.3181 4.26501 0
      vertex 30.0632 7.77501 0
    endloop
  endfacet
  facet normal 0 0 -1
    outer loop
      vertex 43 0 0
      vertex 27.3181 4.26501 0
      vertex 31.0071 4.26501 0
    endloop
  endfacet
  facet normal 0 0 -1
    outer loop
      vertex 43 0 0
      vertex 25.4302 4.26501 0
      vertex 27.3181 4.26501 0
    endloop
  endfacet
  facet normal 0 0 -1
    outer loop
      vertex 43 0 0
      vertex 24.7715 4.26501 0
      vertex 25.4302 4.26501 0
    endloop
  endfacet
  facet normal 0 0 -1
    outer loop
      vertex 43 0 0
      vertex 23.1711 4.26501 0
      vertex 24.7715 4.26501 0
    endloop
  endfacet
  facet normal 0 0 -1
    outer loop
      vertex 23.1711 4.26501 0
      vertex 19.2597 7.06973 0
      vertex 23.1711 7.06973 0
    endloop
  endfacet
  facet normal 0 0 -1
    outer loop
      vertex 17.5969 8.39954 0
      vertex 19.2597 7.06973 0
      vertex 18.5666 6.25597 0
    endloop
  endfacet
  facet normal 0 0 -1
    outer loop
      vertex 18.2019 9.68764 0
      vertex 19.1349 10.672 0
      vertex 19.2597 8.30659 0
    endloop
  endfacet
  facet normal 0 -0 -1
    outer loop
      vertex 17.7071 8.50346 0
      vertex 19.2597 7.06973 0
      vertex 17.5969 8.39954 0
    endloop
  endfacet
  facet normal 0 0 -1
    outer loop
      vertex 18.4099 5.76062 0
      vertex 19.2597 7.06973 0
      vertex 23.1711 4.26501 0
    endloop
  endfacet
  facet normal 0 0 -1
    outer loop
      vertex 19.2597 7.06973 0
      vertex 18.4099 5.76062 0
      vertex 18.5666 6.25597 0
    endloop
  endfacet
  facet normal 0 0 -1
    outer loop
      vertex 23.1711 4.26501 0
      vertex 18.1787 5.33238 0
      vertex 18.4099 5.76062 0
    endloop
  endfacet
  facet normal 0 0 -1
    outer loop
      vertex 2 0 0
      vertex 23.1711 4.26501 0
      vertex 43 0 0
    endloop
  endfacet
  facet normal 0 0 -1
    outer loop
      vertex 23.1711 4.26501 0
      vertex 17.8728 4.9713 0
      vertex 18.1787 5.33238 0
    endloop
  endfacet
  facet normal 0 0 -1
    outer loop
      vertex 23.1711 4.26501 0
      vertex 17.4924 4.67732 0
      vertex 17.8728 4.9713 0
    endloop
  endfacet
  facet normal 0 0 -1
    outer loop
      vertex 23.1711 4.26501 0
      vertex 17.035 4.44948 0
      vertex 17.4924 4.67732 0
    endloop
  endfacet
  facet normal 0 0 -1
    outer loop
      vertex 23.1711 4.26501 0
      vertex 16.4983 4.28673 0
      vertex 17.035 4.44948 0
    endloop
  endfacet
  facet normal -0 0 -1
    outer loop
      vertex 23.1711 4.26501 0
      vertex 15.8822 4.18907 0
      vertex 16.4983 4.28673 0
    endloop
  endfacet
  facet normal 0 0 -1
    outer loop
      vertex 23.1711 4.26501 0
      vertex 2 0 0
      vertex 15.8822 4.18907 0
    endloop
  endfacet
  facet normal 0 0 -1
    outer loop
      vertex 15.8822 4.18907 0
      vertex 2 0 0
      vertex 15.1868 4.15652 0
    endloop
  endfacet
  facet normal 0 0 -1
    outer loop
      vertex 0 2 0
      vertex 11.5 16.4 0
      vertex 11.5 14.4 0
    endloop
  endfacet
  facet normal -0 0 -1
    outer loop
      vertex 11.5 16.4 0
      vertex 0 2 0
      vertex 11.5 17.9 0
    endloop
  endfacet
  facet normal 0 0 -1
    outer loop
      vertex 0 33 0
      vertex 11.5 17.9 0
      vertex 0 2 0
    endloop
  endfacet
  facet normal 0 0 -1
    outer loop
      vertex 11.5 19.9 0
      vertex 0 33 0
      vertex 11.5 21.4 0
    endloop
  endfacet
  facet normal 0 0 -1
    outer loop
      vertex 11.5 21.4 0
      vertex 0 33 0
      vertex 11.5 23.4 0
    endloop
  endfacet
  facet normal 0 0 -1
    outer loop
      vertex 11.5 23.4 0
      vertex 0 33 0
      vertex 11.5 24.9 0
    endloop
  endfacet
  facet normal -0 0 -1
    outer loop
      vertex 12.1108 10.1077 0
      vertex 0 2 0
      vertex 11.5 14.4 0
    endloop
  endfacet
  facet normal -0 0 -1
    outer loop
      vertex 11.9925 7.12106 0
      vertex 0 2 0
      vertex 12.1108 10.1077 0
    endloop
  endfacet
  facet normal 0 0 -1
    outer loop
      vertex 0 2 0
      vertex 11.9621 5.93915 0
      vertex 2 0 0
    endloop
  endfacet
  facet normal -0 0 -1
    outer loop
      vertex 12.1183 5.47682 0
      vertex 2 0 0
      vertex 11.9621 5.93915 0
    endloop
  endfacet
  facet normal -0 0 -1
    outer loop
      vertex 12.3785 5.08063 0
      vertex 2 0 0
      vertex 12.1183 5.47682 0
    endloop
  endfacet
  facet normal -0 0 -1
    outer loop
      vertex 12.7429 4.75053 0
      vertex 2 0 0
      vertex 12.3785 5.08063 0
    endloop
  endfacet
  facet normal -0 0 -1
    outer loop
      vertex 13.2079 4.49065 0
      vertex 2 0 0
      vertex 12.7429 4.75053 0
    endloop
  endfacet
  facet normal -0 0 -1
    outer loop
      vertex 13.7702 4.30502 0
      vertex 2 0 0
      vertex 13.2079 4.49065 0
    endloop
  endfacet
  facet normal -0 0 -1
    outer loop
      vertex 14.4299 4.19365 0
      vertex 2 0 0
      vertex 13.7702 4.30502 0
    endloop
  endfacet
  facet normal -0 0 -1
    outer loop
      vertex 15.1868 4.15652 0
      vertex 2 0 0
      vertex 14.4299 4.19365 0
    endloop
  endfacet
  facet normal 0 0 -1
    outer loop
      vertex 45 2 0
      vertex 33.5 16.4 0
      vertex 33.5 17.9 0
    endloop
  endfacet
  facet normal 0 0 -1
    outer loop
      vertex 33.5 26.9 0
      vertex 45 33 0
      vertex 33.5 24.9 0
    endloop
  endfacet
  facet normal 0 -0 -1
    outer loop
      vertex 43 35 0
      vertex 45 33 0
      vertex 33.5 26.9 0
    endloop
  endfacet
  facet normal 0 0 -1
    outer loop
      vertex 45 33 0
      vertex 43 35 0
      vertex 44.9021 33.618 0
    endloop
  endfacet
  facet normal 0 0 -1
    outer loop
      vertex 44.9021 33.618 0
      vertex 43 35 0
      vertex 44.618 34.1756 0
    endloop
  endfacet
  facet normal 0 0 -1
    outer loop
      vertex 44.618 34.1756 0
      vertex 43 35 0
      vertex 44.1756 34.618 0
    endloop
  endfacet
  facet normal 0 0 -1
    outer loop
      vertex 44.1756 34.618 0
      vertex 43 35 0
      vertex 43.618 34.9021 0
    endloop
  endfacet
  facet normal 0 0 -1
    outer loop
      vertex 11.5 26.9 0
      vertex 43 35 0
      vertex 33.5 26.9 0
    endloop
  endfacet
  facet normal 0 0 -1
    outer loop
      vertex 11.5 26.9 0
      vertex 2 35 0
      vertex 43 35 0
    endloop
  endfacet
  facet normal 0 0 -1
    outer loop
      vertex 11.5 17.9 0
      vertex 0 33 0
      vertex 11.5 19.9 0
    endloop
  endfacet
  facet normal 0 0 -1
    outer loop
      vertex 0 2 0
      vertex 2 0 0
      vertex 1.38197 0.0978861 0
    endloop
  endfacet
  facet normal 0 0 -1
    outer loop
      vertex 11.5 24.9 0
      vertex 0 33 0
      vertex 11.5 26.9 0
    endloop
  endfacet
  facet normal 0 0 -1
    outer loop
      vertex 0 2 0
      vertex 1.38197 0.0978861 0
      vertex 0.824429 0.381966 0
    endloop
  endfacet
  facet normal 0 0 -1
    outer loop
      vertex 11.5 26.9 0
      vertex 0 33 0
      vertex 2 35 0
    endloop
  endfacet
  facet normal 0 0 -1
    outer loop
      vertex 0 2 0
      vertex 0.824429 0.381966 0
      vertex 0.381966 0.824429 0
    endloop
  endfacet
  facet normal 0 0 -1
    outer loop
      vertex 2 35 0
      vertex 0 33 0
      vertex 1.38197 34.9021 0
    endloop
  endfacet
  facet normal 0 0 -1
    outer loop
      vertex 0 2 0
      vertex 0.381966 0.824429 0
      vertex 0.0978861 1.38197 0
    endloop
  endfacet
  facet normal 0 0 -1
    outer loop
      vertex 1.38197 34.9021 0
      vertex 0 33 0
      vertex 0.824429 34.618 0
    endloop
  endfacet
  facet normal 0 0 -1
    outer loop
      vertex 0.824429 34.618 0
      vertex 0 33 0
      vertex 0.381966 34.1756 0
    endloop
  endfacet
  facet normal 0 0 -1
    outer loop
      vertex 0.381966 34.1756 0
      vertex 0 33 0
      vertex 0.0978861 33.618 0
    endloop
  endfacet
  facet normal 0 0 -1
    outer loop
      vertex 45 2 0
      vertex 32.6075 11.9088 0
      vertex 33.5 14.4 0
    endloop
  endfacet
  facet normal 0 0 -1
    outer loop
      vertex 31.0071 11.9088 0
      vertex 33.5 14.4 0
      vertex 32.6075 11.9088 0
    endloop
  endfacet
  facet normal 0 0 -1
    outer loop
      vertex 27.5622 11.9088 0
      vertex 33.5 14.4 0
      vertex 31.0071 11.9088 0
    endloop
  endfacet
  facet normal 0 0 -1
    outer loop
      vertex 25.6961 11.9088 0
      vertex 33.5 14.4 0
      vertex 27.5622 11.9088 0
    endloop
  endfacet
  facet normal 0 0 -1
    outer loop
      vertex 24.7715 11.9088 0
      vertex 25.4302 4.26501 0
      vertex 24.7715 4.26501 0
    endloop
  endfacet
  facet normal 0 0 -1
    outer loop
      vertex 28.9619 8.67555 0
      vertex 24.7715 11.9088 0
      vertex 25.6961 11.9088 0
    endloop
  endfacet
  facet normal 0 0 -1
    outer loop
      vertex 24.7715 11.9088 0
      vertex 33.5 14.4 0
      vertex 25.6961 11.9088 0
    endloop
  endfacet
  facet normal 0 0 -1
    outer loop
      vertex 11.5 14.4 0
      vertex 24.7715 11.9088 0
      vertex 19.1349 11.9088 0
    endloop
  endfacet
  facet normal 0 0 -1
    outer loop
      vertex 18.1598 10.373 0
      vertex 19.1349 10.672 0
      vertex 18.2085 9.88531 0
    endloop
  endfacet
  facet normal 0 0 -1
    outer loop
      vertex 18.0139 10.8001 0
      vertex 19.1349 10.672 0
      vertex 18.1598 10.373 0
    endloop
  endfacet
  facet normal 0 0 -1
    outer loop
      vertex 19.1349 10.672 0
      vertex 18.0139 10.8001 0
      vertex 19.1349 11.9088 0
    endloop
  endfacet
  facet normal 0 0 -1
    outer loop
      vertex 17.7706 11.1664 0
      vertex 19.1349 11.9088 0
      vertex 18.0139 10.8001 0
    endloop
  endfacet
  facet normal 0 0 -1
    outer loop
      vertex 17.43 11.4721 0
      vertex 19.1349 11.9088 0
      vertex 17.7706 11.1664 0
    endloop
  endfacet
  facet normal 0 0 -1
    outer loop
      vertex 16.9965 11.713 0
      vertex 19.1349 11.9088 0
      vertex 17.43 11.4721 0
    endloop
  endfacet
  facet normal 0 0 -1
    outer loop
      vertex 16.4745 11.8851 0
      vertex 19.1349 11.9088 0
      vertex 16.9965 11.713 0
    endloop
  endfacet
  facet normal 0 0 -1
    outer loop
      vertex 11.5 14.4 0
      vertex 19.1349 11.9088 0
      vertex 16.4745 11.8851 0
    endloop
  endfacet
  facet normal 0 0 -1
    outer loop
      vertex 11.5 14.4 0
      vertex 16.4745 11.8851 0
      vertex 15.8641 11.9883 0
    endloop
  endfacet
  facet normal 0 0 -1
    outer loop
      vertex 11.5 14.4 0
      vertex 15.8641 11.9883 0
      vertex 15.1651 12.0228 0
    endloop
  endfacet
  facet normal 0 0 -1
    outer loop
      vertex 11.5 14.4 0
      vertex 15.1651 12.0228 0
      vertex 14.4987 11.9949 0
    endloop
  endfacet
  facet normal 0 0 -1
    outer loop
      vertex 11.9925 7.12106 0
      vertex 12.1108 10.1077 0
      vertex 12.0566 7.31108 0
    endloop
  endfacet
  facet normal 0 0 -1
    outer loop
      vertex 0 2 0
      vertex 11.9925 7.12106 0
      vertex 11.9467 6.91713 0
    endloop
  endfacet
  facet normal -0 0 -1
    outer loop
      vertex 11.9101 6.46758 0
      vertex 0 2 0
      vertex 11.9193 6.6993 0
    endloop
  endfacet
  facet normal 0 0 -1
    outer loop
      vertex 24.7715 11.9088 0
      vertex 11.5 14.4 0
      vertex 33.5 14.4 0
    endloop
  endfacet
  facet normal 0 0 -1
    outer loop
      vertex 13.9208 11.9115 0
      vertex 11.5 14.4 0
      vertex 14.4987 11.9949 0
    endloop
  endfacet
  facet normal 0 0 -1
    outer loop
      vertex 13.4313 11.7725 0
      vertex 11.5 14.4 0
      vertex 13.9208 11.9115 0
    endloop
  endfacet
  facet normal 0 0 -1
    outer loop
      vertex 13.0304 11.5779 0
      vertex 11.5 14.4 0
      vertex 13.4313 11.7725 0
    endloop
  endfacet
  facet normal 0 0 -1
    outer loop
      vertex 12.7054 11.3192 0
      vertex 11.5 14.4 0
      vertex 13.0304 11.5779 0
    endloop
  endfacet
  facet normal 0 0 -1
    outer loop
      vertex 12.4438 10.9879 0
      vertex 11.5 14.4 0
      vertex 12.7054 11.3192 0
    endloop
  endfacet
  facet normal 0 0 -1
    outer loop
      vertex 12.2456 10.5841 0
      vertex 11.5 14.4 0
      vertex 12.4438 10.9879 0
    endloop
  endfacet
  facet normal 0 0 -1
    outer loop
      vertex 12.1108 10.1077 0
      vertex 11.5 14.4 0
      vertex 12.2456 10.5841 0
    endloop
  endfacet
  facet normal -0 0 -1
    outer loop
      vertex 11.9193 6.6993 0
      vertex 0 2 0
      vertex 11.9467 6.91713 0
    endloop
  endfacet
  facet normal -0 0 -1
    outer loop
      vertex 11.9621 5.93915 0
      vertex 0 2 0
      vertex 11.9101 6.46758 0
    endloop
  endfacet
  facet normal 0 0 -1
    outer loop
      vertex 19.2597 8.30659 0
      vertex 23.1711 10.672 0
      vertex 23.1711 8.30659 0
    endloop
  endfacet
  facet normal -0 0 -1
    outer loop
      vertex 23.1711 10.672 0
      vertex 19.2597 8.30659 0
      vertex 19.1349 10.672 0
    endloop
  endfacet
  facet normal -0 0 1
    outer loop
      vertex 43.4 33.4 18.4
      vertex 45 33 18.4
      vertex 44.9021 33.618 18.4
    endloop
  endfacet
  facet normal 0 0 1
    outer loop
      vertex 45 33 18.4
      vertex 43.4 33.4 18.4
      vertex 45 2 18.4
    endloop
  endfacet
  facet normal 0 0 1
    outer loop
      vertex 43.4 33.4 18.4
      vertex 44.9021 33.618 18.4
      vertex 44.618 34.1756 18.4
    endloop
  endfacet
  facet normal 0 0 1
    outer loop
      vertex 43.4 1.6 18.4
      vertex 45 2 18.4
      vertex 43.4 33.4 18.4
    endloop
  endfacet
  facet normal 0 0 1
    outer loop
      vertex 43.4 33.4 18.4
      vertex 44.618 34.1756 18.4
      vertex 44.1756 34.618 18.4
    endloop
  endfacet
  facet normal 0 0 1
    outer loop
      vertex 45 2 18.4
      vertex 43.4 1.6 18.4
      vertex 44.9021 1.38197 18.4
    endloop
  endfacet
  facet normal 0 0 1
    outer loop
      vertex 43.4 33.4 18.4
      vertex 44.1756 34.618 18.4
      vertex 43.618 34.9021 18.4
    endloop
  endfacet
  facet normal 0 0 1
    outer loop
      vertex 44.9021 1.38197 18.4
      vertex 43.4 1.6 18.4
      vertex 44.618 0.824429 18.4
    endloop
  endfacet
  facet normal 0 0 1
    outer loop
      vertex 44.618 0.824429 18.4
      vertex 43.4 1.6 18.4
      vertex 44.1756 0.381966 18.4
    endloop
  endfacet
  facet normal 0 0 1
    outer loop
      vertex 43 35 18.4
      vertex 43.4 33.4 18.4
      vertex 43.618 34.9021 18.4
    endloop
  endfacet
  facet normal -0 0 1
    outer loop
      vertex 2 35 18.4
      vertex 43.4 33.4 18.4
      vertex 43 35 18.4
    endloop
  endfacet
  facet normal 0 0 1
    outer loop
      vertex 2 35 18.4
      vertex 1.6 33.4 18.4
      vertex 43.4 33.4 18.4
    endloop
  endfacet
  facet normal -0 0 1
    outer loop
      vertex 0.824429 34.618 18.4
      vertex 1.6 33.4 18.4
      vertex 1.38197 34.9021 18.4
    endloop
  endfacet
  facet normal -0 0 1
    outer loop
      vertex 1.38197 34.9021 18.4
      vertex 1.6 33.4 18.4
      vertex 2 35 18.4
    endloop
  endfacet
  facet normal 0 0 1
    outer loop
      vertex 44.1756 0.381966 18.4
      vertex 43.4 1.6 18.4
      vertex 43.618 0.0978861 18.4
    endloop
  endfacet
  facet normal 0 0 1
    outer loop
      vertex 43.4 1.6 18.4
      vertex 43 0 18.4
      vertex 43.618 0.0978861 18.4
    endloop
  endfacet
  facet normal 0 0 1
    outer loop
      vertex 43.4 1.6 18.4
      vertex 2 0 18.4
      vertex 43 0 18.4
    endloop
  endfacet
  facet normal -0 0 1
    outer loop
      vertex 1.6 1.6 18.4
      vertex 2 0 18.4
      vertex 43.4 1.6 18.4
    endloop
  endfacet
  facet normal 0 0 1
    outer loop
      vertex 1.6 1.6 18.4
      vertex 1.38197 0.0978861 18.4
      vertex 2 0 18.4
    endloop
  endfacet
  facet normal 0 0 1
    outer loop
      vertex 1.6 33.4 18.4
      vertex 0 33 18.4
      vertex 1.6 1.6 18.4
    endloop
  endfacet
  facet normal -0 0 1
    outer loop
      vertex 0.381966 34.1756 18.4
      vertex 1.6 33.4 18.4
      vertex 0.824429 34.618 18.4
    endloop
  endfacet
  facet normal -0 0 1
    outer loop
      vertex 0 2 18.4
      vertex 1.6 1.6 18.4
      vertex 0 33 18.4
    endloop
  endfacet
  facet normal -0 0 1
    outer loop
      vertex 0.0978861 33.618 18.4
      vertex 1.6 33.4 18.4
      vertex 0.381966 34.1756 18.4
    endloop
  endfacet
  facet normal 0 -0 1
    outer loop
      vertex 0.0978861 1.38197 18.4
      vertex 1.6 1.6 18.4
      vertex 0 2 18.4
    endloop
  endfacet
  facet normal 0 0 1
    outer loop
      vertex 1.6 33.4 18.4
      vertex 0.0978861 33.618 18.4
      vertex 0 33 18.4
    endloop
  endfacet
  facet normal 0 0 1
    outer loop
      vertex 1.6 1.6 18.4
      vertex 0.824429 0.381966 18.4
      vertex 1.38197 0.0978861 18.4
    endloop
  endfacet
  facet normal 0 0 1
    outer loop
      vertex 1.6 1.6 18.4
      vertex 0.381966 0.824429 18.4
      vertex 0.824429 0.381966 18.4
    endloop
  endfacet
  facet normal 0 0 1
    outer loop
      vertex 1.6 1.6 18.4
      vertex 0.0978861 1.38197 18.4
      vertex 0.381966 0.824429 18.4
    endloop
  endfacet
  facet normal -0.891007 -0.453989 0
    outer loop
      vertex 0.381966 0.824429 0
      vertex 0.0978861 1.38197 18.4
      vertex 0.0978861 1.38197 0
    endloop
  endfacet
  facet normal -0.891007 -0.453989 0
    outer loop
      vertex 0.0978861 1.38197 18.4
      vertex 0.381966 0.824429 0
      vertex 0.381966 0.824429 18.4
    endloop
  endfacet
  facet normal -0.707107 -0.707107 0
    outer loop
      vertex 0.824429 0.381966 0
      vertex 0.381966 0.824429 18.4
      vertex 0.381966 0.824429 0
    endloop
  endfacet
  facet normal -0.707107 -0.707107 0
    outer loop
      vertex 0.381966 0.824429 18.4
      vertex 0.824429 0.381966 0
      vertex 0.824429 0.381966 18.4
    endloop
  endfacet
  facet normal -1 0 0
    outer loop
      vertex 43.4 33.4 1.6
      vertex 43.4 19.5 14.4
      vertex 43.4 33.4 18.4
    endloop
  endfacet
  facet normal -1 0 0
    outer loop
      vertex 43.4 33.4 1.6
      vertex 43.4 15.5 14.4
      vertex 43.4 19.5 14.4
    endloop
  endfacet
  facet normal -1 0 0
    outer loop
      vertex 43.4 1.6 18.4
      vertex 43.4 15.5 14.4
      vertex 43.4 1.6 1.6
    endloop
  endfacet
  facet normal -1 0 0
    outer loop
      vertex 43.4 1.6 1.6
      vertex 43.4 15.5 14.4
      vertex 43.4 33.4 1.6
    endloop
  endfacet
  facet normal -1 0 0
    outer loop
      vertex 43.4 19.5 17.4
      vertex 43.4 33.4 18.4
      vertex 43.4 19.5 14.4
    endloop
  endfacet
  facet normal -1 0 0
    outer loop
      vertex 43.4 15.5 17.4
      vertex 43.4 33.4 18.4
      vertex 43.4 19.5 17.4
    endloop
  endfacet
  facet normal -1 0 0
    outer loop
      vertex 43.4 15.5 17.4
      vertex 43.4 1.6 18.4
      vertex 43.4 33.4 18.4
    endloop
  endfacet
  facet normal -1 0 0
    outer loop
      vertex 43.4 15.5 14.4
      vertex 43.4 1.6 18.4
      vertex 43.4 15.5 17.4
    endloop
  endfacet
  facet normal -0 0 1
    outer loop
      vertex 11.5 17.9 1.6
      vertex 33.5 16.4 1.6
      vertex 33.5 17.9 1.6
    endloop
  endfacet
  facet normal 0 0 1
    outer loop
      vertex 33.5 16.4 1.6
      vertex 11.5 17.9 1.6
      vertex 11.5 16.4 1.6
    endloop
  endfacet
  facet normal -0 0 1
    outer loop
      vertex 11.5 21.4 1.6
      vertex 33.5 19.9 1.6
      vertex 33.5 21.4 1.6
    endloop
  endfacet
  facet normal 0 0 1
    outer loop
      vertex 33.5 19.9 1.6
      vertex 11.5 21.4 1.6
      vertex 11.5 19.9 1.6
    endloop
  endfacet
  facet normal -0 0 1
    outer loop
      vertex 11.5 24.9 1.6
      vertex 33.5 23.4 1.6
      vertex 33.5 24.9 1.6
    endloop
  endfacet
  facet normal 0 0 1
    outer loop
      vertex 33.5 23.4 1.6
      vertex 11.5 24.9 1.6
      vertex 11.5 23.4 1.6
    endloop
  endfacet
  facet normal 0 0 1
    outer loop
      vertex 43.4 33.4 1.6
      vertex 35.3 22.6 1.6
      vertex 43.4 1.6 1.6
    endloop
  endfacet
  facet normal -0 0 1
    outer loop
      vertex 33.5 26.9 1.6
      vertex 35.3 22.6 1.6
      vertex 43.4 33.4 1.6
    endloop
  endfacet
  facet normal -0 0 1
    outer loop
      vertex 33.5 23.4 1.6
      vertex 35.3 22.6 1.6
      vertex 33.5 24.9 1.6
    endloop
  endfacet
  facet normal 0 0 1
    outer loop
      vertex 35.3 22.6 1.6
      vertex 33.5 26.9 1.6
      vertex 33.5 24.9 1.6
    endloop
  endfacet
  facet normal 0 0 1
    outer loop
      vertex 43.4 33.4 1.6
      vertex 11.5 26.9 1.6
      vertex 33.5 26.9 1.6
    endloop
  endfacet
  facet normal 0 0 1
    outer loop
      vertex 9.7 22.6 1.6
      vertex 11.5 24.9 1.6
      vertex 11.5 26.9 1.6
    endloop
  endfacet
  facet normal 0 0 1
    outer loop
      vertex 11.5 24.9 1.6
      vertex 9.7 22.6 1.6
      vertex 11.5 23.4 1.6
    endloop
  endfacet
  facet normal 0 0 1
    outer loop
      vertex 11.5 23.4 1.6
      vertex 11 22.6 1.6
      vertex 11.5 21.4 1.6
    endloop
  endfacet
  facet normal 0 0 1
    outer loop
      vertex 11.5 21.4 1.6
      vertex 11 22.6 1.6
      vertex 11.5 19.9 1.6
    endloop
  endfacet
  facet normal 0 0 1
    outer loop
      vertex 11.5 19.9 1.6
      vertex 11 22.6 1.6
      vertex 11.5 17.9 1.6
    endloop
  endfacet
  facet normal 0 0 1
    outer loop
      vertex 11.5 17.9 1.6
      vertex 11 22.6 1.6
      vertex 11.5 16.4 1.6
    endloop
  endfacet
  facet normal 0 0 1
    outer loop
      vertex 11.5 16.4 1.6
      vertex 11 22.6 1.6
      vertex 11.5 14.4 1.6
    endloop
  endfacet
  facet normal 0 0 1
    outer loop
      vertex 11.5 23.4 1.6
      vertex 9.7 22.6 1.6
      vertex 11 22.6 1.6
    endloop
  endfacet
  facet normal 0 0 1
    outer loop
      vertex 1.6 1.6 1.6
      vertex 9.7 22.6 1.6
      vertex 1.6 33.4 1.6
    endloop
  endfacet
  facet normal 0 0 1
    outer loop
      vertex 11.5 26.9 1.6
      vertex 1.6 33.4 1.6
      vertex 9.7 22.6 1.6
    endloop
  endfacet
  facet normal -0 0 1
    outer loop
      vertex 1.6 33.4 1.6
      vertex 11.5 26.9 1.6
      vertex 43.4 33.4 1.6
    endloop
  endfacet
  facet normal -0 0 1
    outer loop
      vertex 35.3 4.6 1.6
      vertex 43.4 1.6 1.6
      vertex 35.3 22.6 1.6
    endloop
  endfacet
  facet normal -0 0 1
    outer loop
      vertex 34 4.6 1.6
      vertex 43.4 1.6 1.6
      vertex 35.3 4.6 1.6
    endloop
  endfacet
  facet normal 0 0 1
    outer loop
      vertex 35.3 22.6 1.6
      vertex 33.5 23.4 1.6
      vertex 34 22.6 1.6
    endloop
  endfacet
  facet normal 0 0 1
    outer loop
      vertex 33.5 21.4 1.6
      vertex 34 22.6 1.6
      vertex 33.5 23.4 1.6
    endloop
  endfacet
  facet normal 0 0 1
    outer loop
      vertex 33.5 19.9 1.6
      vertex 34 22.6 1.6
      vertex 33.5 21.4 1.6
    endloop
  endfacet
  facet normal 0 0 1
    outer loop
      vertex 33.5 17.9 1.6
      vertex 34 22.6 1.6
      vertex 33.5 19.9 1.6
    endloop
  endfacet
  facet normal 0 0 1
    outer loop
      vertex 33.5 16.4 1.6
      vertex 34 22.6 1.6
      vertex 33.5 17.9 1.6
    endloop
  endfacet
  facet normal 0 0 1
    outer loop
      vertex 33.5 14.4 1.6
      vertex 34 22.6 1.6
      vertex 33.5 16.4 1.6
    endloop
  endfacet
  facet normal 0 0 1
    outer loop
      vertex 34 22.6 1.6
      vertex 33.5 14.4 1.6
      vertex 34 4.6 1.6
    endloop
  endfacet
  facet normal -0 0 1
    outer loop
      vertex 11.5 14.4 1.6
      vertex 34 4.6 1.6
      vertex 33.5 14.4 1.6
    endloop
  endfacet
  facet normal 0 0 1
    outer loop
      vertex 11 4.6 1.6
      vertex 11.5 14.4 1.6
      vertex 11 22.6 1.6
    endloop
  endfacet
  facet normal 0 0 1
    outer loop
      vertex 11 4.6 1.6
      vertex 34 4.6 1.6
      vertex 11.5 14.4 1.6
    endloop
  endfacet
  facet normal -0 0 1
    outer loop
      vertex 11 4.6 1.6
      vertex 43.4 1.6 1.6
      vertex 34 4.6 1.6
    endloop
  endfacet
  facet normal 0 0 1
    outer loop
      vertex 1.6 1.6 1.6
      vertex 11 4.6 1.6
      vertex 9.7 4.6 1.6
    endloop
  endfacet
  facet normal 0 0 1
    outer loop
      vertex 11 4.6 1.6
      vertex 1.6 1.6 1.6
      vertex 43.4 1.6 1.6
    endloop
  endfacet
  facet normal 0 0 1
    outer loop
      vertex 9.7 22.6 1.6
      vertex 1.6 1.6 1.6
      vertex 9.7 4.6 1.6
    endloop
  endfacet
  facet normal 1 0 0
    outer loop
      vertex 1.6 19.5 14.4
      vertex 1.6 33.4 18.4
      vertex 1.6 19.5 17.4
    endloop
  endfacet
  facet normal 1 0 0
    outer loop
      vertex 1.6 33.4 18.4
      vertex 1.6 15.5 17.4
      vertex 1.6 19.5 17.4
    endloop
  endfacet
  facet normal 1 0 0
    outer loop
      vertex 1.6 15.5 17.4
      vertex 1.6 1.6 18.4
      vertex 1.6 15.5 14.4
    endloop
  endfacet
  facet normal 1 -0 0
    outer loop
      vertex 1.6 1.6 18.4
      vertex 1.6 15.5 17.4
      vertex 1.6 33.4 18.4
    endloop
  endfacet
  facet normal 1 0 0
    outer loop
      vertex 1.6 33.4 18.4
      vertex 1.6 19.5 14.4
      vertex 1.6 33.4 1.6
    endloop
  endfacet
  facet normal 1 -0 0
    outer loop
      vertex 1.6 15.5 14.4
      vertex 1.6 33.4 1.6
      vertex 1.6 19.5 14.4
    endloop
  endfacet
  facet normal 1 0 0
    outer loop
      vertex 1.6 1.6 1.6
      vertex 1.6 15.5 14.4
      vertex 1.6 1.6 18.4
    endloop
  endfacet
  facet normal 1 0 0
    outer loop
      vertex 1.6 15.5 14.4
      vertex 1.6 1.6 1.6
      vertex 1.6 33.4 1.6
    endloop
  endfacet
  facet normal 0 -1 0
    outer loop
      vertex 1.6 33.4 1.6
      vertex 43.4 33.4 18.4
      vertex 1.6 33.4 18.4
    endloop
  endfacet
  facet normal 0 -1 -0
    outer loop
      vertex 43.4 33.4 18.4
      vertex 1.6 33.4 1.6
      vertex 43.4 33.4 1.6
    endloop
  endfacet
  facet normal 0 1 0
    outer loop
      vertex 43.4 1.6 18.4
      vertex 27 1.6 16.4
      vertex 1.6 1.6 18.4
    endloop
  endfacet
  facet normal 0 1 0
    outer loop
      vertex 43.4 1.6 18.4
      vertex 27 1.6 12.9
      vertex 27 1.6 16.4
    endloop
  endfacet
  facet normal 0 1 0
    outer loop
      vertex 27 1.6 12.9
      vertex 43.4 1.6 1.6
      vertex 18 1.6 12.9
    endloop
  endfacet
  facet normal 0 1 -0
    outer loop
      vertex 43.4 1.6 1.6
      vertex 27 1.6 12.9
      vertex 43.4 1.6 18.4
    endloop
  endfacet
  facet normal 0 1 -0
    outer loop
      vertex 18 1.6 16.4
      vertex 1.6 1.6 18.4
      vertex 27 1.6 16.4
    endloop
  endfacet
  facet normal 0 1 -0
    outer loop
      vertex 18 1.6 12.9
      vertex 1.6 1.6 18.4
      vertex 18 1.6 16.4
    endloop
  endfacet
  facet normal 0 1 0
    outer loop
      vertex 1.6 1.6 1.6
      vertex 18 1.6 12.9
      vertex 43.4 1.6 1.6
    endloop
  endfacet
  facet normal 0 1 0
    outer loop
      vertex 18 1.6 12.9
      vertex 1.6 1.6 1.6
      vertex 1.6 1.6 18.4
    endloop
  endfacet
  facet normal -1 0 0
    outer loop
      vertex 27 0 12.9
      vertex 27 1.6 16.4
      vertex 27 1.6 12.9
    endloop
  endfacet
  facet normal -1 -0 0
    outer loop
      vertex 27 1.6 16.4
      vertex 27 0 12.9
      vertex 27 0 16.4
    endloop
  endfacet
  facet normal 0 0 -1
    outer loop
      vertex 18 0 16.4
      vertex 27 1.6 16.4
      vertex 27 0 16.4
    endloop
  endfacet
  facet normal -0 0 -1
    outer loop
      vertex 27 1.6 16.4
      vertex 18 0 16.4
      vertex 18 1.6 16.4
    endloop
  endfacet
  facet normal -0 0 1
    outer loop
      vertex 18 1.6 12.9
      vertex 27 0 12.9
      vertex 27 1.6 12.9
    endloop
  endfacet
  facet normal 0 0 1
    outer loop
      vertex 27 0 12.9
      vertex 18 1.6 12.9
      vertex 18 0 12.9
    endloop
  endfacet
  facet normal 1 -0 0
    outer loop
      vertex 18 0 16.4
      vertex 18 1.6 12.9
      vertex 18 1.6 16.4
    endloop
  endfacet
  facet normal 1 0 0
    outer loop
      vertex 18 1.6 12.9
      vertex 18 0 16.4
      vertex 18 0 12.9
    endloop
  endfacet
  facet normal 0 0 -1
    outer loop
      vertex 16.9231 6.22798 0.4
      vertex 18.4099 5.76062 0.4
      vertex 18.1787 5.33238 0.4
    endloop
  endfacet
  facet normal 0 0 -1
    outer loop
      vertex 16.7885 5.98672 0.4
      vertex 18.1787 5.33238 0.4
      vertex 17.8728 4.9713 0.4
    endloop
  endfacet
  facet normal 0 0 -1
    outer loop
      vertex 16.6166 5.78717 0.4
      vertex 17.8728 4.9713 0.4
      vertex 17.4924 4.67732 0.4
    endloop
  endfacet
  facet normal 0 0 -1
    outer loop
      vertex 16.6166 5.78717 0.4
      vertex 17.4924 4.67732 0.4
      vertex 17.035 4.44948 0.4
    endloop
  endfacet
  facet normal 0 0 -1
    outer loop
      vertex 18.1787 5.33238 0.4
      vertex 16.7885 5.98672 0.4
      vertex 16.9231 6.22798 0.4
    endloop
  endfacet
  facet normal 0 0 -1
    outer loop
      vertex 18.4099 5.76062 0.4
      vertex 17.0204 6.51093 0.4
      vertex 18.5666 6.25597 0.4
    endloop
  endfacet
  facet normal 0 -0 -1
    outer loop
      vertex 17.0204 6.51093 0.4
      vertex 18.4099 5.76062 0.4
      vertex 16.9231 6.22798 0.4
    endloop
  endfacet
  facet normal 0 0 -1
    outer loop
      vertex 17.8728 4.9713 0.4
      vertex 16.6166 5.78717 0.4
      vertex 16.7885 5.98672 0.4
    endloop
  endfacet
  facet normal 0 0 -1
    outer loop
      vertex 16.4075 5.62933 0.4
      vertex 17.035 4.44948 0.4
      vertex 16.4983 4.28673 0.4
    endloop
  endfacet
  facet normal 0 0 -1
    outer loop
      vertex 17.035 4.44948 0.4
      vertex 16.4075 5.62933 0.4
      vertex 16.6166 5.78717 0.4
    endloop
  endfacet
  facet normal 0 0 -1
    outer loop
      vertex 16.4983 4.28673 0.4
      vertex 16.1575 5.50949 0.4
      vertex 16.4075 5.62933 0.4
    endloop
  endfacet
  facet normal 0 0 -1
    outer loop
      vertex 15.8635 5.42389 0.4
      vertex 16.4983 4.28673 0.4
      vertex 15.8822 4.18907 0.4
    endloop
  endfacet
  facet normal 0 0 -1
    outer loop
      vertex 16.4983 4.28673 0.4
      vertex 15.8635 5.42389 0.4
      vertex 16.1575 5.50949 0.4
    endloop
  endfacet
  facet normal 0 0 -1
    outer loop
      vertex 15.8822 4.18907 0.4
      vertex 15.5255 5.37253 0.4
      vertex 15.8635 5.42389 0.4
    endloop
  endfacet
  facet normal 0 0 -1
    outer loop
      vertex 15.1868 4.15652 0.4
      vertex 15.5255 5.37253 0.4
      vertex 15.8822 4.18907 0.4
    endloop
  endfacet
  facet normal 0 0 -1
    outer loop
      vertex 15.1868 4.15652 0.4
      vertex 15.1434 5.35541 0.4
      vertex 15.5255 5.37253 0.4
    endloop
  endfacet
  facet normal 0 0 -1
    outer loop
      vertex 14.4299 4.19365 0.4
      vertex 15.1434 5.35541 0.4
      vertex 15.1868 4.15652 0.4
    endloop
  endfacet
  facet normal 0 0 -1
    outer loop
      vertex 14.4299 4.19365 0.4
      vertex 14.41 5.41916 0.4
      vertex 15.1434 5.35541 0.4
    endloop
  endfacet
  facet normal 0 0 -1
    outer loop
      vertex 13.7702 4.30502 0.4
      vertex 14.41 5.41916 0.4
      vertex 14.4299 4.19365 0.4
    endloop
  endfacet
  facet normal -0 0 -1
    outer loop
      vertex 14.41 5.41916 0.4
      vertex 13.7702 4.30502 0.4
      vertex 13.8861 5.61038 0.4
    endloop
  endfacet
  facet normal 0 0 -1
    outer loop
      vertex 13.2079 4.49065 0.4
      vertex 13.8861 5.61038 0.4
      vertex 13.7702 4.30502 0.4
    endloop
  endfacet
  facet normal 0 0 -1
    outer loop
      vertex 12.7429 4.75053 0.4
      vertex 13.8861 5.61038 0.4
      vertex 13.2079 4.49065 0.4
    endloop
  endfacet
  facet normal -0 0 -1
    outer loop
      vertex 13.8861 5.61038 0.4
      vertex 12.7429 4.75053 0.4
      vertex 13.5718 5.92911 0.4
    endloop
  endfacet
  facet normal 0 0 -1
    outer loop
      vertex 12.3785 5.08063 0.4
      vertex 13.5718 5.92911 0.4
      vertex 12.7429 4.75053 0.4
    endloop
  endfacet
  facet normal 0 -0 -1
    outer loop
      vertex 11.9193 6.6993 0.4
      vertex 13.467 6.37532 0.4
      vertex 11.9101 6.46758 0.4
    endloop
  endfacet
  facet normal 0 0 -1
    outer loop
      vertex 13.467 6.37532 0.4
      vertex 13.0061 8.29848 0.4
      vertex 13.2311 8.40155 0.4
    endloop
  endfacet
  facet normal 0 0 -1
    outer loop
      vertex 12.1183 5.47682 0.4
      vertex 13.5718 5.92911 0.4
      vertex 12.3785 5.08063 0.4
    endloop
  endfacet
  facet normal 0 -0 -1
    outer loop
      vertex 11.9467 6.91713 0.4
      vertex 13.467 6.37532 0.4
      vertex 11.9193 6.6993 0.4
    endloop
  endfacet
  facet normal 0 0 -1
    outer loop
      vertex 13.467 6.37532 0.4
      vertex 12.8059 8.18727 0.4
      vertex 13.0061 8.29848 0.4
    endloop
  endfacet
  facet normal 0 0 -1
    outer loop
      vertex 11.9621 5.93915 0.4
      vertex 13.5718 5.92911 0.4
      vertex 12.1183 5.47682 0.4
    endloop
  endfacet
  facet normal 0 0 -1
    outer loop
      vertex 13.467 6.37532 0.4
      vertex 12.6305 8.06792 0.4
      vertex 12.8059 8.18727 0.4
    endloop
  endfacet
  facet normal 0 0 -1
    outer loop
      vertex 13.467 6.37532 0.4
      vertex 12.4798 7.94044 0.4
      vertex 12.6305 8.06792 0.4
    endloop
  endfacet
  facet normal 0 0 -1
    outer loop
      vertex 13.467 6.37532 0.4
      vertex 12.3495 7.80244 0.4
      vertex 12.4798 7.94044 0.4
    endloop
  endfacet
  facet normal 0 0 -1
    outer loop
      vertex 13.5718 5.92911 0.4
      vertex 11.9621 5.93915 0.4
      vertex 13.467 6.37532 0.4
    endloop
  endfacet
  facet normal 0 0 -1
    outer loop
      vertex 13.467 6.37532 0.4
      vertex 12.2356 7.65155 0.4
      vertex 12.3495 7.80244 0.4
    endloop
  endfacet
  facet normal 0 0 -1
    outer loop
      vertex 13.467 6.37532 0.4
      vertex 12.0566 7.31108 0.4
      vertex 12.138 7.48776 0.4
    endloop
  endfacet
  facet normal -0 0 -1
    outer loop
      vertex 13.467 6.37532 0.4
      vertex 11.9621 5.93915 0.4
      vertex 11.9101 6.46758 0.4
    endloop
  endfacet
  facet normal 0 0 -1
    outer loop
      vertex 13.467 6.37532 0.4
      vertex 11.9925 7.12106 0.4
      vertex 12.0566 7.31108 0.4
    endloop
  endfacet
  facet normal 0 0 -1
    outer loop
      vertex 13.467 6.37532 0.4
      vertex 11.9467 6.91713 0.4
      vertex 11.9925 7.12106 0.4
    endloop
  endfacet
  facet normal 0 0 -1
    outer loop
      vertex 13.467 6.37532 0.4
      vertex 12.138 7.48776 0.4
      vertex 12.2356 7.65155 0.4
    endloop
  endfacet
  facet normal -0 0 -1
    outer loop
      vertex 18.2085 9.88531 0.4
      vertex 16.6419 9.83513 0.4
      vertex 16.6515 9.97755 0.4
    endloop
  endfacet
  facet normal 0 0 -1
    outer loop
      vertex 16.9025 7.99332 0.4
      vertex 16.6129 9.70627 0.4
      vertex 16.6419 9.83513 0.4
    endloop
  endfacet
  facet normal 0 0 -1
    outer loop
      vertex 16.9025 7.99332 0.4
      vertex 16.5646 9.59097 0.4
      vertex 16.6129 9.70627 0.4
    endloop
  endfacet
  facet normal 0 0 -1
    outer loop
      vertex 16.1811 9.23647 0.4
      vertex 16.7384 7.92957 0.4
      vertex 16.5377 7.86365 0.4
    endloop
  endfacet
  facet normal 0 0 -1
    outer loop
      vertex 16.9025 7.99332 0.4
      vertex 16.497 9.48923 0.4
      vertex 16.5646 9.59097 0.4
    endloop
  endfacet
  facet normal 0 0 -1
    outer loop
      vertex 16.9025 7.99332 0.4
      vertex 16.4103 9.39787 0.4
      vertex 16.497 9.48923 0.4
    endloop
  endfacet
  facet normal 0 0 -1
    outer loop
      vertex 16.9025 7.99332 0.4
      vertex 16.3051 9.31361 0.4
      vertex 16.4103 9.39787 0.4
    endloop
  endfacet
  facet normal 0 0 -1
    outer loop
      vertex 16.0386 9.16643 0.4
      vertex 16.5377 7.86365 0.4
      vertex 16.2718 7.78789 0.4
    endloop
  endfacet
  facet normal 0 0 -1
    outer loop
      vertex 16.9025 7.99332 0.4
      vertex 16.1811 9.23647 0.4
      vertex 16.3051 9.31361 0.4
    endloop
  endfacet
  facet normal 0 0 -1
    outer loop
      vertex 16.5377 7.86365 0.4
      vertex 16.0386 9.16643 0.4
      vertex 16.1811 9.23647 0.4
    endloop
  endfacet
  facet normal 0 0 -1
    outer loop
      vertex 15.8477 9.09575 0.4
      vertex 16.2718 7.78789 0.4
      vertex 15.9409 7.70229 0.4
    endloop
  endfacet
  facet normal 0 0 -1
    outer loop
      vertex 16.2718 7.78789 0.4
      vertex 15.8477 9.09575 0.4
      vertex 16.0386 9.16643 0.4
    endloop
  endfacet
  facet normal 0 0 -1
    outer loop
      vertex 15.9409 7.70229 0.4
      vertex 15.5788 9.01659 0.4
      vertex 15.8477 9.09575 0.4
    endloop
  endfacet
  facet normal 0 0 -1
    outer loop
      vertex 15.5448 7.60684 0.4
      vertex 15.5788 9.01659 0.4
      vertex 15.9409 7.70229 0.4
    endloop
  endfacet
  facet normal 0 0 -1
    outer loop
      vertex 15.5448 7.60684 0.4
      vertex 15.2319 8.92896 0.4
      vertex 15.5788 9.01659 0.4
    endloop
  endfacet
  facet normal 0 0 -1
    outer loop
      vertex 15.0886 7.51018 0.4
      vertex 15.2319 8.92896 0.4
      vertex 15.5448 7.60684 0.4
    endloop
  endfacet
  facet normal 0 0 -1
    outer loop
      vertex 15.0886 7.51018 0.4
      vertex 14.8071 8.83284 0.4
      vertex 15.2319 8.92896 0.4
    endloop
  endfacet
  facet normal 0 0 -1
    outer loop
      vertex 14.7128 7.42099 0.4
      vertex 14.8071 8.83284 0.4
      vertex 15.0886 7.51018 0.4
    endloop
  endfacet
  facet normal 0 0 -1
    outer loop
      vertex 14.2956 8.7184 0.4
      vertex 14.7128 7.42099 0.4
      vertex 14.4173 7.33926 0.4
    endloop
  endfacet
  facet normal 0 0 -1
    outer loop
      vertex 14.7128 7.42099 0.4
      vertex 14.2956 8.7184 0.4
      vertex 14.8071 8.83284 0.4
    endloop
  endfacet
  facet normal 0 0 -1
    outer loop
      vertex 13.8624 8.60837 0.4
      vertex 14.4173 7.33926 0.4
      vertex 14.2022 7.26501 0.4
    endloop
  endfacet
  facet normal 0 0 -1
    outer loop
      vertex 13.5076 8.50276 0.4
      vertex 14.2022 7.26501 0.4
      vertex 14.037 7.19008 0.4
    endloop
  endfacet
  facet normal 0 0 -1
    outer loop
      vertex 13.2311 8.40155 0.4
      vertex 14.037 7.19008 0.4
      vertex 13.8916 7.10632 0.4
    endloop
  endfacet
  facet normal 0 0 -1
    outer loop
      vertex 14.4173 7.33926 0.4
      vertex 13.8624 8.60837 0.4
      vertex 14.2956 8.7184 0.4
    endloop
  endfacet
  facet normal 0 0 -1
    outer loop
      vertex 13.2311 8.40155 0.4
      vertex 13.8916 7.10632 0.4
      vertex 13.7658 7.01376 0.4
    endloop
  endfacet
  facet normal 0 0 -1
    outer loop
      vertex 13.2311 8.40155 0.4
      vertex 13.7658 7.01376 0.4
      vertex 13.6597 6.91237 0.4
    endloop
  endfacet
  facet normal 0 0 -1
    outer loop
      vertex 13.2311 8.40155 0.4
      vertex 13.6597 6.91237 0.4
      vertex 13.5754 6.79948 0.4
    endloop
  endfacet
  facet normal 0 0 -1
    outer loop
      vertex 13.2311 8.40155 0.4
      vertex 13.5754 6.79948 0.4
      vertex 13.5152 6.67235 0.4
    endloop
  endfacet
  facet normal 0 0 -1
    outer loop
      vertex 14.2022 7.26501 0.4
      vertex 13.5076 8.50276 0.4
      vertex 13.8624 8.60837 0.4
    endloop
  endfacet
  facet normal 0 0 -1
    outer loop
      vertex 13.2311 8.40155 0.4
      vertex 13.5152 6.67235 0.4
      vertex 13.4791 6.53096 0.4
    endloop
  endfacet
  facet normal 0 0 -1
    outer loop
      vertex 13.2311 8.40155 0.4
      vertex 13.4791 6.53096 0.4
      vertex 13.467 6.37532 0.4
    endloop
  endfacet
  facet normal 0 0 -1
    outer loop
      vertex 14.037 7.19008 0.4
      vertex 13.2311 8.40155 0.4
      vertex 13.5076 8.50276 0.4
    endloop
  endfacet
  facet normal 0 0 -1
    outer loop
      vertex 16.6419 9.83513 0.4
      vertex 18.2019 9.68764 0.4
      vertex 18.1821 9.5015 0.4
    endloop
  endfacet
  facet normal 0 0 -1
    outer loop
      vertex 16.6419 9.83513 0.4
      vertex 18.2085 9.88531 0.4
      vertex 18.2019 9.68764 0.4
    endloop
  endfacet
  facet normal 0 0 -1
    outer loop
      vertex 16.6419 9.83513 0.4
      vertex 18.1821 9.5015 0.4
      vertex 18.149 9.32687 0.4
    endloop
  endfacet
  facet normal 0 0 -1
    outer loop
      vertex 16.6419 9.83513 0.4
      vertex 18.149 9.32687 0.4
      vertex 18.1027 9.16379 0.4
    endloop
  endfacet
  facet normal 0 0 -1
    outer loop
      vertex 16.6419 9.83513 0.4
      vertex 18.1027 9.16379 0.4
      vertex 18.0446 9.01155 0.4
    endloop
  endfacet
  facet normal 0 0 -1
    outer loop
      vertex 18.2085 9.88531 0.4
      vertex 16.6515 9.97755 0.4
      vertex 18.1598 10.373 0.4
    endloop
  endfacet
  facet normal 0 0 -1
    outer loop
      vertex 16.6419 9.83513 0.4
      vertex 18.0446 9.01155 0.4
      vertex 17.976 8.86949 0.4
    endloop
  endfacet
  facet normal 0 0 -1
    outer loop
      vertex 16.6419 9.83513 0.4
      vertex 17.976 8.86949 0.4
      vertex 17.8968 8.73759 0.4
    endloop
  endfacet
  facet normal 0 0 -1
    outer loop
      vertex 16.6419 9.83513 0.4
      vertex 17.8968 8.73759 0.4
      vertex 17.8071 8.61588 0.4
    endloop
  endfacet
  facet normal -0 0 -1
    outer loop
      vertex 18.1598 10.373 0.4
      vertex 16.6515 9.97755 0.4
      vertex 18.0139 10.8001 0.4
    endloop
  endfacet
  facet normal 0 0 -1
    outer loop
      vertex 16.6419 9.83513 0.4
      vertex 17.8071 8.61588 0.4
      vertex 17.7071 8.50346 0.4
    endloop
  endfacet
  facet normal 0 0 -1
    outer loop
      vertex 16.6419 9.83513 0.4
      vertex 17.7071 8.50346 0.4
      vertex 17.5969 8.39954 0.4
    endloop
  endfacet
  facet normal 0 0 -1
    outer loop
      vertex 16.6419 9.83513 0.4
      vertex 17.5969 8.39954 0.4
      vertex 17.4765 8.30406 0.4
    endloop
  endfacet
  facet normal 0 0 -1
    outer loop
      vertex 16.5607 10.3763 0.4
      vertex 18.0139 10.8001 0.4
      vertex 16.6515 9.97755 0.4
    endloop
  endfacet
  facet normal 0 0 -1
    outer loop
      vertex 16.6419 9.83513 0.4
      vertex 17.4765 8.30406 0.4
      vertex 17.346 8.21707 0.4
    endloop
  endfacet
  facet normal 0 0 -1
    outer loop
      vertex 16.6419 9.83513 0.4
      vertex 17.346 8.21707 0.4
      vertex 17.2063 8.13707 0.4
    endloop
  endfacet
  facet normal 0 0 -1
    outer loop
      vertex 16.6419 9.83513 0.4
      vertex 17.2063 8.13707 0.4
      vertex 17.0585 8.06247 0.4
    endloop
  endfacet
  facet normal -0 0 -1
    outer loop
      vertex 18.0139 10.8001 0.4
      vertex 16.5607 10.3763 0.4
      vertex 17.7706 11.1664 0.4
    endloop
  endfacet
  facet normal 0 0 -1
    outer loop
      vertex 16.6419 9.83513 0.4
      vertex 17.0585 8.06247 0.4
      vertex 16.9025 7.99332 0.4
    endloop
  endfacet
  facet normal 0 0 -1
    outer loop
      vertex 16.1811 9.23647 0.4
      vertex 16.9025 7.99332 0.4
      vertex 16.7384 7.92957 0.4
    endloop
  endfacet
  facet normal -0 0 -1
    outer loop
      vertex 17.7706 11.1664 0.4
      vertex 16.5607 10.3763 0.4
      vertex 17.43 11.4721 0.4
    endloop
  endfacet
  facet normal 0 0 -1
    outer loop
      vertex 16.2881 10.6611 0.4
      vertex 17.43 11.4721 0.4
      vertex 16.5607 10.3763 0.4
    endloop
  endfacet
  facet normal -0 0 -1
    outer loop
      vertex 17.43 11.4721 0.4
      vertex 16.2881 10.6611 0.4
      vertex 16.9965 11.713 0.4
    endloop
  endfacet
  facet normal -0 0 -1
    outer loop
      vertex 16.9965 11.713 0.4
      vertex 16.2881 10.6611 0.4
      vertex 16.4745 11.8851 0.4
    endloop
  endfacet
  facet normal 0 0 -1
    outer loop
      vertex 15.8337 10.832 0.4
      vertex 16.4745 11.8851 0.4
      vertex 16.2881 10.6611 0.4
    endloop
  endfacet
  facet normal -0 0 -1
    outer loop
      vertex 16.4745 11.8851 0.4
      vertex 15.8337 10.832 0.4
      vertex 15.8641 11.9883 0.4
    endloop
  endfacet
  facet normal 0 0 -1
    outer loop
      vertex 15.1976 10.8889 0.4
      vertex 15.8641 11.9883 0.4
      vertex 15.8337 10.832 0.4
    endloop
  endfacet
  facet normal 0 0 -1
    outer loop
      vertex 15.1976 10.8889 0.4
      vertex 15.1651 12.0228 0.4
      vertex 15.8641 11.9883 0.4
    endloop
  endfacet
  facet normal 0 0 -1
    outer loop
      vertex 14.8757 10.8733 0.4
      vertex 15.1651 12.0228 0.4
      vertex 15.1976 10.8889 0.4
    endloop
  endfacet
  facet normal 0 0 -1
    outer loop
      vertex 14.4987 11.9949 0.4
      vertex 14.8757 10.8733 0.4
      vertex 14.5934 10.8265 0.4
    endloop
  endfacet
  facet normal 0 0 -1
    outer loop
      vertex 14.8757 10.8733 0.4
      vertex 14.4987 11.9949 0.4
      vertex 15.1651 12.0228 0.4
    endloop
  endfacet
  facet normal 0 0 -1
    outer loop
      vertex 13.9208 11.9115 0.4
      vertex 14.5934 10.8265 0.4
      vertex 14.3508 10.7485 0.4
    endloop
  endfacet
  facet normal 0 0 -1
    outer loop
      vertex 13.9208 11.9115 0.4
      vertex 14.3508 10.7485 0.4
      vertex 14.1479 10.6393 0.4
    endloop
  endfacet
  facet normal 0 0 -1
    outer loop
      vertex 13.4313 11.7725 0.4
      vertex 14.1479 10.6393 0.4
      vertex 13.9802 10.4993 0.4
    endloop
  endfacet
  facet normal 0 0 -1
    outer loop
      vertex 14.5934 10.8265 0.4
      vertex 13.9208 11.9115 0.4
      vertex 14.4987 11.9949 0.4
    endloop
  endfacet
  facet normal 0 0 -1
    outer loop
      vertex 13.0304 11.5779 0.4
      vertex 13.9802 10.4993 0.4
      vertex 13.8434 10.3288 0.4
    endloop
  endfacet
  facet normal 0 0 -1
    outer loop
      vertex 12.4438 10.9879 0.4
      vertex 13.8434 10.3288 0.4
      vertex 13.7375 10.1277 0.4
    endloop
  endfacet
  facet normal 0 0 -1
    outer loop
      vertex 12.2456 10.5841 0.4
      vertex 13.7375 10.1277 0.4
      vertex 13.6624 9.89612 0.4
    endloop
  endfacet
  facet normal 0 0 -1
    outer loop
      vertex 14.1479 10.6393 0.4
      vertex 13.4313 11.7725 0.4
      vertex 13.9208 11.9115 0.4
    endloop
  endfacet
  facet normal 0 0 -1
    outer loop
      vertex 13.9802 10.4993 0.4
      vertex 13.0304 11.5779 0.4
      vertex 13.4313 11.7725 0.4
    endloop
  endfacet
  facet normal 0 0 -1
    outer loop
      vertex 13.8434 10.3288 0.4
      vertex 12.7054 11.3192 0.4
      vertex 13.0304 11.5779 0.4
    endloop
  endfacet
  facet normal 0 0 -1
    outer loop
      vertex 13.8434 10.3288 0.4
      vertex 12.4438 10.9879 0.4
      vertex 12.7054 11.3192 0.4
    endloop
  endfacet
  facet normal 0 0 -1
    outer loop
      vertex 13.7375 10.1277 0.4
      vertex 12.2456 10.5841 0.4
      vertex 12.4438 10.9879 0.4
    endloop
  endfacet
  facet normal 0 -0 -1
    outer loop
      vertex 12.2456 10.5841 0.4
      vertex 13.6624 9.89612 0.4
      vertex 12.1108 10.1077 0.4
    endloop
  endfacet
  facet normal 0 0 -1
    outer loop
      vertex 27.3181 4.26501 0.4
      vertex 28.9619 8.67555 0.4
      vertex 30.0632 7.77501 0.4
    endloop
  endfacet
  facet normal 0 0 -1
    outer loop
      vertex 28.9619 8.67555 0.4
      vertex 27.3181 4.26501 0.4
      vertex 25.4302 4.26501 0.4
    endloop
  endfacet
  facet normal 0 0 -1
    outer loop
      vertex 30.0632 7.77501 0.4
      vertex 31.0071 8.44228 0.4
      vertex 31.0071 7.05348 0.4
    endloop
  endfacet
  facet normal 0 0 -1
    outer loop
      vertex 28.9619 8.67555 0.4
      vertex 31.0071 8.44228 0.4
      vertex 30.0632 7.77501 0.4
    endloop
  endfacet
  facet normal 0 0 -1
    outer loop
      vertex 28.9619 8.67555 0.4
      vertex 27.5622 11.9088 0.4
      vertex 31.0071 8.44228 0.4
    endloop
  endfacet
  facet normal -0 -0 -1
    outer loop
      vertex 27.5622 11.9088 0.4
      vertex 28.9619 8.67555 0.4
      vertex 25.6961 11.9088 0.4
    endloop
  endfacet
  facet normal 0 0 -1
    outer loop
      vertex 31.0071 7.05348 0.4
      vertex 32.6075 4.26501 0.4
      vertex 31.0071 4.26501 0.4
    endloop
  endfacet
  facet normal 0 0 -1
    outer loop
      vertex 31.0071 8.44228 0.4
      vertex 32.6075 4.26501 0.4
      vertex 31.0071 7.05348 0.4
    endloop
  endfacet
  facet normal 0 0 -1
    outer loop
      vertex 32.6075 4.26501 0.4
      vertex 31.0071 8.44228 0.4
      vertex 32.6075 11.9088 0.4
    endloop
  endfacet
  facet normal -0 0 -1
    outer loop
      vertex 32.6075 11.9088 0.4
      vertex 31.0071 8.44228 0.4
      vertex 31.0071 11.9088 0.4
    endloop
  endfacet
  facet normal 0 0 -1
    outer loop
      vertex 19.2597 7.06973 0.4
      vertex 23.1711 8.30659 0.4
      vertex 23.1711 7.06973 0.4
    endloop
  endfacet
  facet normal -0 0 -1
    outer loop
      vertex 23.1711 8.30659 0.4
      vertex 19.2597 7.06973 0.4
      vertex 19.2597 8.30659 0.4
    endloop
  endfacet
  facet normal 0 0 -1
    outer loop
      vertex 23.1711 7.06973 0.4
      vertex 24.7715 4.26501 0.4
      vertex 23.1711 4.26501 0.4
    endloop
  endfacet
  facet normal 0 0 -1
    outer loop
      vertex 23.1711 8.30659 0.4
      vertex 24.7715 4.26501 0.4
      vertex 23.1711 7.06973 0.4
    endloop
  endfacet
  facet normal 0 0 -1
    outer loop
      vertex 24.7715 4.26501 0.4
      vertex 23.1711 8.30659 0.4
      vertex 24.7715 11.9088 0.4
    endloop
  endfacet
  facet normal 0 0 -1
    outer loop
      vertex 23.1711 10.672 0.4
      vertex 24.7715 11.9088 0.4
      vertex 23.1711 8.30659 0.4
    endloop
  endfacet
  facet normal 0 0 -1
    outer loop
      vertex 19.1349 11.9088 0.4
      vertex 23.1711 10.672 0.4
      vertex 19.1349 10.672 0.4
    endloop
  endfacet
  facet normal 0 0 -1
    outer loop
      vertex 23.1711 10.672 0.4
      vertex 19.1349 11.9088 0.4
      vertex 24.7715 11.9088 0.4
    endloop
  endfacet
  facet normal -0.156559 0.987669 0
    outer loop
      vertex 16.4983 4.28673 0
      vertex 15.8822 4.18907 0.4
      vertex 16.4983 4.28673 0.4
    endloop
  endfacet
  facet normal -0.156559 0.987669 0
    outer loop
      vertex 15.8822 4.18907 0.4
      vertex 16.4983 4.28673 0
      vertex 15.8822 4.18907 0
    endloop
  endfacet
  facet normal -0.290193 0.956968 0
    outer loop
      vertex 17.035 4.44948 0
      vertex 16.4983 4.28673 0.4
      vertex 17.035 4.44948 0.4
    endloop
  endfacet
  facet normal -0.290193 0.956968 0
    outer loop
      vertex 16.4983 4.28673 0.4
      vertex 17.035 4.44948 0
      vertex 16.4983 4.28673 0
    endloop
  endfacet
  facet normal -0.445867 0.895099 0
    outer loop
      vertex 17.4924 4.67732 0
      vertex 17.035 4.44948 0.4
      vertex 17.4924 4.67732 0.4
    endloop
  endfacet
  facet normal -0.445867 0.895099 0
    outer loop
      vertex 17.035 4.44948 0.4
      vertex 17.4924 4.67732 0
      vertex 17.035 4.44948 0
    endloop
  endfacet
  facet normal -0.611492 0.79125 0
    outer loop
      vertex 17.8728 4.9713 0
      vertex 17.4924 4.67732 0.4
      vertex 17.8728 4.9713 0.4
    endloop
  endfacet
  facet normal -0.611492 0.79125 0
    outer loop
      vertex 17.4924 4.67732 0.4
      vertex 17.8728 4.9713 0
      vertex 17.4924 4.67732 0
    endloop
  endfacet
  facet normal -0.763 0.646399 0
    outer loop
      vertex 17.8728 4.9713 0
      vertex 18.1787 5.33238 0.4
      vertex 18.1787 5.33238 0
    endloop
  endfacet
  facet normal -0.763 0.646399 0
    outer loop
      vertex 18.1787 5.33238 0.4
      vertex 17.8728 4.9713 0
      vertex 17.8728 4.9713 0.4
    endloop
  endfacet
  facet normal -0.879948 0.47507 0
    outer loop
      vertex 18.1787 5.33238 0
      vertex 18.4099 5.76062 0.4
      vertex 18.4099 5.76062 0
    endloop
  endfacet
  facet normal -0.879948 0.47507 0
    outer loop
      vertex 18.4099 5.76062 0.4
      vertex 18.1787 5.33238 0
      vertex 18.1787 5.33238 0.4
    endloop
  endfacet
  facet normal -0.953431 0.30161 0
    outer loop
      vertex 18.4099 5.76062 0
      vertex 18.5666 6.25597 0.4
      vertex 18.5666 6.25597 0
    endloop
  endfacet
  facet normal -0.953431 0.30161 0
    outer loop
      vertex 18.5666 6.25597 0.4
      vertex 18.4099 5.76062 0
      vertex 18.4099 5.76062 0.4
    endloop
  endfacet
  facet normal -0.162698 -0.986676 0
    outer loop
      vertex 17.0204 6.51093 0
      vertex 18.5666 6.25597 0.4
      vertex 17.0204 6.51093 0.4
    endloop
  endfacet
  facet normal -0.162698 -0.986676 -0
    outer loop
      vertex 18.5666 6.25597 0.4
      vertex 17.0204 6.51093 0
      vertex 18.5666 6.25597 0
    endloop
  endfacet
  facet normal 0.94565 -0.325187 0
    outer loop
      vertex 16.9231 6.22798 0.4
      vertex 17.0204 6.51093 0
      vertex 17.0204 6.51093 0.4
    endloop
  endfacet
  facet normal 0.94565 -0.325187 0
    outer loop
      vertex 17.0204 6.51093 0
      vertex 16.9231 6.22798 0.4
      vertex 16.9231 6.22798 0
    endloop
  endfacet
  facet normal 0.873285 -0.48721 0
    outer loop
      vertex 16.7885 5.98672 0.4
      vertex 16.9231 6.22798 0
      vertex 16.9231 6.22798 0.4
    endloop
  endfacet
  facet normal 0.873285 -0.48721 0
    outer loop
      vertex 16.9231 6.22798 0
      vertex 16.7885 5.98672 0.4
      vertex 16.7885 5.98672 0
    endloop
  endfacet
  facet normal 0.757646 -0.652665 0
    outer loop
      vertex 16.6166 5.78717 0.4
      vertex 16.7885 5.98672 0
      vertex 16.7885 5.98672 0.4
    endloop
  endfacet
  facet normal 0.757646 -0.652665 0
    outer loop
      vertex 16.7885 5.98672 0
      vertex 16.6166 5.78717 0.4
      vertex 16.6166 5.78717 0
    endloop
  endfacet
  facet normal 0.602477 -0.798137 0
    outer loop
      vertex 16.4075 5.62933 0
      vertex 16.6166 5.78717 0.4
      vertex 16.4075 5.62933 0.4
    endloop
  endfacet
  facet normal 0.602477 -0.798137 0
    outer loop
      vertex 16.6166 5.78717 0.4
      vertex 16.4075 5.62933 0
      vertex 16.6166 5.78717 0
    endloop
  endfacet
  facet normal 0.432262 -0.901748 0
    outer loop
      vertex 16.1575 5.50949 0
      vertex 16.4075 5.62933 0.4
      vertex 16.1575 5.50949 0.4
    endloop
  endfacet
  facet normal 0.432262 -0.901748 0
    outer loop
      vertex 16.4075 5.62933 0.4
      vertex 16.1575 5.50949 0
      vertex 16.4075 5.62933 0
    endloop
  endfacet
  facet normal 0.279549 -0.960132 0
    outer loop
      vertex 15.8635 5.42389 0
      vertex 16.1575 5.50949 0.4
      vertex 15.8635 5.42389 0.4
    endloop
  endfacet
  facet normal 0.279549 -0.960132 0
    outer loop
      vertex 16.1575 5.50949 0.4
      vertex 15.8635 5.42389 0
      vertex 16.1575 5.50949 0
    endloop
  endfacet
  facet normal 0.150228 -0.988651 0
    outer loop
      vertex 15.5255 5.37253 0
      vertex 15.8635 5.42389 0.4
      vertex 15.5255 5.37253 0.4
    endloop
  endfacet
  facet normal 0.150228 -0.988651 0
    outer loop
      vertex 15.8635 5.42389 0.4
      vertex 15.5255 5.37253 0
      vertex 15.8635 5.42389 0
    endloop
  endfacet
  facet normal 0.0447601 -0.998998 0
    outer loop
      vertex 15.1434 5.35541 0
      vertex 15.5255 5.37253 0.4
      vertex 15.1434 5.35541 0.4
    endloop
  endfacet
  facet normal 0.0447601 -0.998998 0
    outer loop
      vertex 15.5255 5.37253 0.4
      vertex 15.1434 5.35541 0
      vertex 15.5255 5.37253 0
    endloop
  endfacet
  facet normal -0.0865974 -0.996243 0
    outer loop
      vertex 14.41 5.41916 0
      vertex 15.1434 5.35541 0.4
      vertex 14.41 5.41916 0.4
    endloop
  endfacet
  facet normal -0.0865974 -0.996243 -0
    outer loop
      vertex 15.1434 5.35541 0.4
      vertex 14.41 5.41916 0
      vertex 15.1434 5.35541 0
    endloop
  endfacet
  facet normal -0.342869 -0.939383 0
    outer loop
      vertex 13.8861 5.61038 0
      vertex 14.41 5.41916 0.4
      vertex 13.8861 5.61038 0.4
    endloop
  endfacet
  facet normal -0.342869 -0.939383 -0
    outer loop
      vertex 14.41 5.41916 0.4
      vertex 13.8861 5.61038 0
      vertex 14.41 5.41916 0
    endloop
  endfacet
  facet normal -0.712038 -0.702141 0
    outer loop
      vertex 13.8861 5.61038 0
      vertex 13.5718 5.92911 0.4
      vertex 13.5718 5.92911 0
    endloop
  endfacet
  facet normal -0.712038 -0.702141 0
    outer loop
      vertex 13.5718 5.92911 0.4
      vertex 13.8861 5.61038 0
      vertex 13.8861 5.61038 0.4
    endloop
  endfacet
  facet normal -0.97351 -0.228645 0
    outer loop
      vertex 13.5718 5.92911 0
      vertex 13.467 6.37532 0.4
      vertex 13.467 6.37532 0
    endloop
  endfacet
  facet normal -0.97351 -0.228645 0
    outer loop
      vertex 13.467 6.37532 0.4
      vertex 13.5718 5.92911 0
      vertex 13.5718 5.92911 0.4
    endloop
  endfacet
  facet normal -0.996992 0.0775096 0
    outer loop
      vertex 13.467 6.37532 0
      vertex 13.4791 6.53096 0.4
      vertex 13.4791 6.53096 0
    endloop
  endfacet
  facet normal -0.996992 0.0775096 0
    outer loop
      vertex 13.4791 6.53096 0.4
      vertex 13.467 6.37532 0
      vertex 13.467 6.37532 0.4
    endloop
  endfacet
  facet normal -0.968917 0.247386 0
    outer loop
      vertex 13.4791 6.53096 0
      vertex 13.5152 6.67235 0.4
      vertex 13.5152 6.67235 0
    endloop
  endfacet
  facet normal -0.968917 0.247386 0
    outer loop
      vertex 13.5152 6.67235 0.4
      vertex 13.4791 6.53096 0
      vertex 13.4791 6.53096 0.4
    endloop
  endfacet
  facet normal -0.903791 0.427973 0
    outer loop
      vertex 13.5152 6.67235 0
      vertex 13.5754 6.79948 0.4
      vertex 13.5754 6.79948 0
    endloop
  endfacet
  facet normal -0.903791 0.427973 0
    outer loop
      vertex 13.5754 6.79948 0.4
      vertex 13.5152 6.67235 0
      vertex 13.5152 6.67235 0.4
    endloop
  endfacet
  facet normal -0.80125 0.598329 0
    outer loop
      vertex 13.5754 6.79948 0
      vertex 13.6597 6.91237 0.4
      vertex 13.6597 6.91237 0
    endloop
  endfacet
  facet normal -0.80125 0.598329 0
    outer loop
      vertex 13.6597 6.91237 0.4
      vertex 13.5754 6.79948 0
      vertex 13.5754 6.79948 0.4
    endloop
  endfacet
  facet normal -0.690878 0.722972 0
    outer loop
      vertex 13.7658 7.01376 0
      vertex 13.6597 6.91237 0.4
      vertex 13.7658 7.01376 0.4
    endloop
  endfacet
  facet normal -0.690878 0.722972 0
    outer loop
      vertex 13.6597 6.91237 0.4
      vertex 13.7658 7.01376 0
      vertex 13.6597 6.91237 0
    endloop
  endfacet
  facet normal -0.59264 0.805468 0
    outer loop
      vertex 13.8916 7.10632 0
      vertex 13.7658 7.01376 0.4
      vertex 13.8916 7.10632 0.4
    endloop
  endfacet
  facet normal -0.59264 0.805468 0
    outer loop
      vertex 13.7658 7.01376 0.4
      vertex 13.8916 7.10632 0
      vertex 13.7658 7.01376 0
    endloop
  endfacet
  facet normal -0.499165 0.866507 0
    outer loop
      vertex 14.037 7.19008 0
      vertex 13.8916 7.10632 0.4
      vertex 14.037 7.19008 0.4
    endloop
  endfacet
  facet normal -0.499165 0.866507 0
    outer loop
      vertex 13.8916 7.10632 0.4
      vertex 14.037 7.19008 0
      vertex 13.8916 7.10632 0
    endloop
  endfacet
  facet normal -0.413068 0.9107 0
    outer loop
      vertex 14.2022 7.26501 0
      vertex 14.037 7.19008 0.4
      vertex 14.2022 7.26501 0.4
    endloop
  endfacet
  facet normal -0.413068 0.9107 0
    outer loop
      vertex 14.037 7.19008 0.4
      vertex 14.2022 7.26501 0
      vertex 14.037 7.19008 0
    endloop
  endfacet
  facet normal -0.326295 0.945268 0
    outer loop
      vertex 14.4173 7.33926 0
      vertex 14.2022 7.26501 0.4
      vertex 14.4173 7.33926 0.4
    endloop
  endfacet
  facet normal -0.326295 0.945268 0
    outer loop
      vertex 14.2022 7.26501 0.4
      vertex 14.4173 7.33926 0
      vertex 14.2022 7.26501 0
    endloop
  endfacet
  facet normal -0.266574 0.963815 0
    outer loop
      vertex 14.7128 7.42099 0
      vertex 14.4173 7.33926 0.4
      vertex 14.7128 7.42099 0.4
    endloop
  endfacet
  facet normal -0.266574 0.963815 0
    outer loop
      vertex 14.4173 7.33926 0.4
      vertex 14.7128 7.42099 0
      vertex 14.4173 7.33926 0
    endloop
  endfacet
  facet normal -0.230919 0.972973 0
    outer loop
      vertex 15.0886 7.51018 0
      vertex 14.7128 7.42099 0.4
      vertex 15.0886 7.51018 0.4
    endloop
  endfacet
  facet normal -0.230919 0.972973 0
    outer loop
      vertex 14.7128 7.42099 0.4
      vertex 15.0886 7.51018 0
      vertex 14.7128 7.42099 0
    endloop
  endfacet
  facet normal -0.207279 0.978282 0
    outer loop
      vertex 15.5448 7.60684 0
      vertex 15.0886 7.51018 0.4
      vertex 15.5448 7.60684 0.4
    endloop
  endfacet
  facet normal -0.207279 0.978282 0
    outer loop
      vertex 15.0886 7.51018 0.4
      vertex 15.5448 7.60684 0
      vertex 15.0886 7.51018 0
    endloop
  endfacet
  facet normal -0.234269 0.972172 0
    outer loop
      vertex 15.9409 7.70229 0
      vertex 15.5448 7.60684 0.4
      vertex 15.9409 7.70229 0.4
    endloop
  endfacet
  facet normal -0.234269 0.972172 0
    outer loop
      vertex 15.5448 7.60684 0.4
      vertex 15.9409 7.70229 0
      vertex 15.5448 7.60684 0
    endloop
  endfacet
  facet normal -0.250444 0.968131 0
    outer loop
      vertex 16.2718 7.78789 0
      vertex 15.9409 7.70229 0.4
      vertex 16.2718 7.78789 0.4
    endloop
  endfacet
  facet normal -0.250444 0.968131 0
    outer loop
      vertex 15.9409 7.70229 0.4
      vertex 16.2718 7.78789 0
      vertex 15.9409 7.70229 0
    endloop
  endfacet
  facet normal -0.274014 0.961726 0
    outer loop
      vertex 16.5377 7.86365 0
      vertex 16.2718 7.78789 0.4
      vertex 16.5377 7.86365 0.4
    endloop
  endfacet
  facet normal -0.274014 0.961726 0
    outer loop
      vertex 16.2718 7.78789 0.4
      vertex 16.5377 7.86365 0
      vertex 16.2718 7.78789 0
    endloop
  endfacet
  facet normal -0.31205 0.950066 0
    outer loop
      vertex 16.7384 7.92957 0
      vertex 16.5377 7.86365 0.4
      vertex 16.7384 7.92957 0.4
    endloop
  endfacet
  facet normal -0.31205 0.950066 0
    outer loop
      vertex 16.5377 7.86365 0.4
      vertex 16.7384 7.92957 0
      vertex 16.5377 7.86365 0
    endloop
  endfacet
  facet normal -0.362117 0.932133 0
    outer loop
      vertex 16.9025 7.99332 0
      vertex 16.7384 7.92957 0.4
      vertex 16.9025 7.99332 0.4
    endloop
  endfacet
  facet normal -0.362117 0.932133 0
    outer loop
      vertex 16.7384 7.92957 0.4
      vertex 16.9025 7.99332 0
      vertex 16.7384 7.92957 0
    endloop
  endfacet
  facet normal -0.405241 0.91421 0
    outer loop
      vertex 17.0585 8.06247 0
      vertex 16.9025 7.99332 0.4
      vertex 17.0585 8.06247 0.4
    endloop
  endfacet
  facet normal -0.405241 0.91421 0
    outer loop
      vertex 16.9025 7.99332 0.4
      vertex 17.0585 8.06247 0
      vertex 16.9025 7.99332 0
    endloop
  endfacet
  facet normal -0.450593 0.89273 0
    outer loop
      vertex 17.2063 8.13707 0
      vertex 17.0585 8.06247 0.4
      vertex 17.2063 8.13707 0.4
    endloop
  endfacet
  facet normal -0.450593 0.89273 0
    outer loop
      vertex 17.0585 8.06247 0.4
      vertex 17.2063 8.13707 0
      vertex 17.0585 8.06247 0
    endloop
  endfacet
  facet normal -0.496941 0.867784 0
    outer loop
      vertex 17.346 8.21707 0
      vertex 17.2063 8.13707 0.4
      vertex 17.346 8.21707 0.4
    endloop
  endfacet
  facet normal -0.496941 0.867784 0
    outer loop
      vertex 17.2063 8.13707 0.4
      vertex 17.346 8.21707 0
      vertex 17.2063 8.13707 0
    endloop
  endfacet
  facet normal -0.554656 0.83208 0
    outer loop
      vertex 17.4765 8.30406 0
      vertex 17.346 8.21707 0.4
      vertex 17.4765 8.30406 0.4
    endloop
  endfacet
  facet normal -0.554656 0.83208 0
    outer loop
      vertex 17.346 8.21707 0.4
      vertex 17.4765 8.30406 0
      vertex 17.346 8.21707 0
    endloop
  endfacet
  facet normal -0.621356 0.783528 0
    outer loop
      vertex 17.5969 8.39954 0
      vertex 17.4765 8.30406 0.4
      vertex 17.5969 8.39954 0.4
    endloop
  endfacet
  facet normal -0.621356 0.783528 0
    outer loop
      vertex 17.4765 8.30406 0.4
      vertex 17.5969 8.39954 0
      vertex 17.4765 8.30406 0
    endloop
  endfacet
  facet normal -0.686073 0.727533 0
    outer loop
      vertex 17.7071 8.50346 0
      vertex 17.5969 8.39954 0.4
      vertex 17.7071 8.50346 0.4
    endloop
  endfacet
  facet normal -0.686073 0.727533 0
    outer loop
      vertex 17.5969 8.39954 0.4
      vertex 17.7071 8.50346 0
      vertex 17.5969 8.39954 0
    endloop
  endfacet
  facet normal -0.747175 0.664628 0
    outer loop
      vertex 17.7071 8.50346 0
      vertex 17.8071 8.61588 0.4
      vertex 17.8071 8.61588 0
    endloop
  endfacet
  facet normal -0.747175 0.664628 0
    outer loop
      vertex 17.8071 8.61588 0.4
      vertex 17.7071 8.50346 0
      vertex 17.7071 8.50346 0.4
    endloop
  endfacet
  facet normal -0.804996 0.59328 0
    outer loop
      vertex 17.8071 8.61588 0
      vertex 17.8968 8.73759 0.4
      vertex 17.8968 8.73759 0
    endloop
  endfacet
  facet normal -0.804996 0.59328 0
    outer loop
      vertex 17.8968 8.73759 0.4
      vertex 17.8071 8.61588 0
      vertex 17.8071 8.61588 0.4
    endloop
  endfacet
  facet normal -0.857321 0.514782 0
    outer loop
      vertex 17.8968 8.73759 0
      vertex 17.976 8.86949 0.4
      vertex 17.976 8.86949 0
    endloop
  endfacet
  facet normal -0.857321 0.514782 0
    outer loop
      vertex 17.976 8.86949 0.4
      vertex 17.8968 8.73759 0
      vertex 17.8968 8.73759 0.4
    endloop
  endfacet
  facet normal -0.900504 0.434848 0
    outer loop
      vertex 17.976 8.86949 0
      vertex 18.0446 9.01155 0.4
      vertex 18.0446 9.01155 0
    endloop
  endfacet
  facet normal -0.900504 0.434848 0
    outer loop
      vertex 18.0446 9.01155 0.4
      vertex 17.976 8.86949 0
      vertex 17.976 8.86949 0.4
    endloop
  endfacet
  facet normal -0.934276 0.356552 0
    outer loop
      vertex 18.0446 9.01155 0
      vertex 18.1027 9.16379 0.4
      vertex 18.1027 9.16379 0
    endloop
  endfacet
  facet normal -0.934276 0.356552 0
    outer loop
      vertex 18.1027 9.16379 0.4
      vertex 18.0446 9.01155 0
      vertex 18.0446 9.01155 0.4
    endloop
  endfacet
  facet normal -0.961981 0.273116 0
    outer loop
      vertex 18.1027 9.16379 0
      vertex 18.149 9.32687 0.4
      vertex 18.149 9.32687 0
    endloop
  endfacet
  facet normal -0.961981 0.273116 0
    outer loop
      vertex 18.149 9.32687 0.4
      vertex 18.1027 9.16379 0
      vertex 18.1027 9.16379 0.4
    endloop
  endfacet
  facet normal -0.982507 0.186228 0
    outer loop
      vertex 18.149 9.32687 0
      vertex 18.1821 9.5015 0.4
      vertex 18.1821 9.5015 0
    endloop
  endfacet
  facet normal -0.982507 0.186228 0
    outer loop
      vertex 18.1821 9.5015 0.4
      vertex 18.149 9.32687 0
      vertex 18.149 9.32687 0.4
    endloop
  endfacet
  facet normal -0.99439 0.105775 0
    outer loop
      vertex 18.1821 9.5015 0
      vertex 18.2019 9.68764 0.4
      vertex 18.2019 9.68764 0
    endloop
  endfacet
  facet normal -0.99439 0.105775 0
    outer loop
      vertex 18.2019 9.68764 0.4
      vertex 18.1821 9.5015 0
      vertex 18.1821 9.5015 0.4
    endloop
  endfacet
  facet normal -0.999443 0.0333704 0
    outer loop
      vertex 18.2019 9.68764 0
      vertex 18.2085 9.88531 0.4
      vertex 18.2085 9.88531 0
    endloop
  endfacet
  facet normal -0.999443 0.0333704 0
    outer loop
      vertex 18.2085 9.88531 0.4
      vertex 18.2019 9.68764 0
      vertex 18.2019 9.68764 0.4
    endloop
  endfacet
  facet normal -0.995051 -0.0993643 0
    outer loop
      vertex 18.2085 9.88531 0
      vertex 18.1598 10.373 0.4
      vertex 18.1598 10.373 0
    endloop
  endfacet
  facet normal -0.995051 -0.0993643 0
    outer loop
      vertex 18.1598 10.373 0.4
      vertex 18.2085 9.88531 0
      vertex 18.2085 9.88531 0.4
    endloop
  endfacet
  facet normal -0.946309 -0.323265 0
    outer loop
      vertex 18.1598 10.373 0
      vertex 18.0139 10.8001 0.4
      vertex 18.0139 10.8001 0
    endloop
  endfacet
  facet normal -0.946309 -0.323265 0
    outer loop
      vertex 18.0139 10.8001 0.4
      vertex 18.1598 10.373 0
      vertex 18.1598 10.373 0.4
    endloop
  endfacet
  facet normal -0.832994 -0.553282 0
    outer loop
      vertex 18.0139 10.8001 0
      vertex 17.7706 11.1664 0.4
      vertex 17.7706 11.1664 0
    endloop
  endfacet
  facet normal -0.832994 -0.553282 0
    outer loop
      vertex 17.7706 11.1664 0.4
      vertex 18.0139 10.8001 0
      vertex 18.0139 10.8001 0.4
    endloop
  endfacet
  facet normal -0.66795 -0.744206 0
    outer loop
      vertex 17.43 11.4721 0
      vertex 17.7706 11.1664 0.4
      vertex 17.43 11.4721 0.4
    endloop
  endfacet
  facet normal -0.66795 -0.744206 -0
    outer loop
      vertex 17.7706 11.1664 0.4
      vertex 17.43 11.4721 0
      vertex 17.7706 11.1664 0
    endloop
  endfacet
  facet normal -0.485746 -0.8741 0
    outer loop
      vertex 16.9965 11.713 0
      vertex 17.43 11.4721 0.4
      vertex 16.9965 11.713 0.4
    endloop
  endfacet
  facet normal -0.485746 -0.8741 -0
    outer loop
      vertex 17.43 11.4721 0.4
      vertex 16.9965 11.713 0
      vertex 17.43 11.4721 0
    endloop
  endfacet
  facet normal -0.313115 -0.949715 0
    outer loop
      vertex 16.4745 11.8851 0
      vertex 16.9965 11.713 0.4
      vertex 16.4745 11.8851 0.4
    endloop
  endfacet
  facet normal -0.313115 -0.949715 -0
    outer loop
      vertex 16.9965 11.713 0.4
      vertex 16.4745 11.8851 0
      vertex 16.9965 11.713 0
    endloop
  endfacet
  facet normal -0.166704 -0.986007 0
    outer loop
      vertex 15.8641 11.9883 0
      vertex 16.4745 11.8851 0.4
      vertex 15.8641 11.9883 0.4
    endloop
  endfacet
  facet normal -0.166704 -0.986007 -0
    outer loop
      vertex 16.4745 11.8851 0.4
      vertex 15.8641 11.9883 0
      vertex 16.4745 11.8851 0
    endloop
  endfacet
  facet normal -0.0492962 -0.998784 0
    outer loop
      vertex 15.1651 12.0228 0
      vertex 15.8641 11.9883 0.4
      vertex 15.1651 12.0228 0.4
    endloop
  endfacet
  facet normal -0.0492962 -0.998784 -0
    outer loop
      vertex 15.8641 11.9883 0.4
      vertex 15.1651 12.0228 0
      vertex 15.8641 11.9883 0
    endloop
  endfacet
  facet normal 0.0418301 -0.999125 0
    outer loop
      vertex 14.4987 11.9949 0
      vertex 15.1651 12.0228 0.4
      vertex 14.4987 11.9949 0.4
    endloop
  endfacet
  facet normal 0.0418301 -0.999125 0
    outer loop
      vertex 15.1651 12.0228 0.4
      vertex 14.4987 11.9949 0
      vertex 15.1651 12.0228 0
    endloop
  endfacet
  facet normal 0.142836 -0.989746 0
    outer loop
      vertex 13.9208 11.9115 0
      vertex 14.4987 11.9949 0.4
      vertex 13.9208 11.9115 0.4
    endloop
  endfacet
  facet normal 0.142836 -0.989746 0
    outer loop
      vertex 14.4987 11.9949 0.4
      vertex 13.9208 11.9115 0
      vertex 14.4987 11.9949 0
    endloop
  endfacet
  facet normal 0.273163 -0.961968 0
    outer loop
      vertex 13.4313 11.7725 0
      vertex 13.9208 11.9115 0.4
      vertex 13.4313 11.7725 0.4
    endloop
  endfacet
  facet normal 0.273163 -0.961968 0
    outer loop
      vertex 13.9208 11.9115 0.4
      vertex 13.4313 11.7725 0
      vertex 13.9208 11.9115 0
    endloop
  endfacet
  facet normal 0.436681 -0.899616 0
    outer loop
      vertex 13.0304 11.5779 0
      vertex 13.4313 11.7725 0.4
      vertex 13.0304 11.5779 0.4
    endloop
  endfacet
  facet normal 0.436681 -0.899616 0
    outer loop
      vertex 13.4313 11.7725 0.4
      vertex 13.0304 11.5779 0
      vertex 13.4313 11.7725 0
    endloop
  endfacet
  facet normal 0.622785 -0.782393 0
    outer loop
      vertex 12.7054 11.3192 0
      vertex 13.0304 11.5779 0.4
      vertex 12.7054 11.3192 0.4
    endloop
  endfacet
  facet normal 0.622785 -0.782393 0
    outer loop
      vertex 13.0304 11.5779 0.4
      vertex 12.7054 11.3192 0
      vertex 13.0304 11.5779 0
    endloop
  endfacet
  facet normal 0.784828 -0.619713 0
    outer loop
      vertex 12.4438 10.9879 0.4
      vertex 12.7054 11.3192 0
      vertex 12.7054 11.3192 0.4
    endloop
  endfacet
  facet normal 0.784828 -0.619713 0
    outer loop
      vertex 12.7054 11.3192 0
      vertex 12.4438 10.9879 0.4
      vertex 12.4438 10.9879 0
    endloop
  endfacet
  facet normal 0.897693 -0.440621 0
    outer loop
      vertex 12.2456 10.5841 0.4
      vertex 12.4438 10.9879 0
      vertex 12.4438 10.9879 0.4
    endloop
  endfacet
  facet normal 0.897693 -0.440621 0
    outer loop
      vertex 12.4438 10.9879 0
      vertex 12.2456 10.5841 0.4
      vertex 12.2456 10.5841 0
    endloop
  endfacet
  facet normal 0.962222 -0.272266 0
    outer loop
      vertex 12.1108 10.1077 0.4
      vertex 12.2456 10.5841 0
      vertex 12.2456 10.5841 0.4
    endloop
  endfacet
  facet normal 0.962222 -0.272266 0
    outer loop
      vertex 12.2456 10.5841 0
      vertex 12.1108 10.1077 0.4
      vertex 12.1108 10.1077 0
    endloop
  endfacet
  facet normal 0.135112 0.99083 -0
    outer loop
      vertex 13.6624 9.89612 0
      vertex 12.1108 10.1077 0.4
      vertex 13.6624 9.89612 0.4
    endloop
  endfacet
  facet normal 0.135112 0.99083 0
    outer loop
      vertex 12.1108 10.1077 0.4
      vertex 13.6624 9.89612 0
      vertex 12.1108 10.1077 0
    endloop
  endfacet
  facet normal -0.951231 0.308479 0
    outer loop
      vertex 13.6624 9.89612 0
      vertex 13.7375 10.1277 0.4
      vertex 13.7375 10.1277 0
    endloop
  endfacet
  facet normal -0.951231 0.308479 0
    outer loop
      vertex 13.7375 10.1277 0.4
      vertex 13.6624 9.89612 0
      vertex 13.6624 9.89612 0.4
    endloop
  endfacet
  facet normal -0.884813 0.465946 0
    outer loop
      vertex 13.7375 10.1277 0
      vertex 13.8434 10.3288 0.4
      vertex 13.8434 10.3288 0
    endloop
  endfacet
  facet normal -0.884813 0.465946 0
    outer loop
      vertex 13.8434 10.3288 0.4
      vertex 13.7375 10.1277 0
      vertex 13.7375 10.1277 0.4
    endloop
  endfacet
  facet normal -0.779975 0.62581 0
    outer loop
      vertex 13.8434 10.3288 0
      vertex 13.9802 10.4993 0.4
      vertex 13.9802 10.4993 0
    endloop
  endfacet
  facet normal -0.779975 0.62581 0
    outer loop
      vertex 13.9802 10.4993 0.4
      vertex 13.8434 10.3288 0
      vertex 13.8434 10.3288 0.4
    endloop
  endfacet
  facet normal -0.64086 0.767658 0
    outer loop
      vertex 14.1479 10.6393 0
      vertex 13.9802 10.4993 0.4
      vertex 14.1479 10.6393 0.4
    endloop
  endfacet
  facet normal -0.64086 0.767658 0
    outer loop
      vertex 13.9802 10.4993 0.4
      vertex 14.1479 10.6393 0
      vertex 13.9802 10.4993 0
    endloop
  endfacet
  facet normal -0.473919 0.880569 0
    outer loop
      vertex 14.3508 10.7485 0
      vertex 14.1479 10.6393 0.4
      vertex 14.3508 10.7485 0.4
    endloop
  endfacet
  facet normal -0.473919 0.880569 0
    outer loop
      vertex 14.1479 10.6393 0.4
      vertex 14.3508 10.7485 0
      vertex 14.1479 10.6393 0
    endloop
  endfacet
  facet normal -0.306085 0.952004 0
    outer loop
      vertex 14.5934 10.8265 0
      vertex 14.3508 10.7485 0.4
      vertex 14.5934 10.8265 0.4
    endloop
  endfacet
  facet normal -0.306085 0.952004 0
    outer loop
      vertex 14.3508 10.7485 0.4
      vertex 14.5934 10.8265 0
      vertex 14.3508 10.7485 0
    endloop
  endfacet
  facet normal -0.163549 0.986535 0
    outer loop
      vertex 14.8757 10.8733 0
      vertex 14.5934 10.8265 0.4
      vertex 14.8757 10.8733 0.4
    endloop
  endfacet
  facet normal -0.163549 0.986535 0
    outer loop
      vertex 14.5934 10.8265 0.4
      vertex 14.8757 10.8733 0
      vertex 14.5934 10.8265 0
    endloop
  endfacet
  facet normal -0.0484054 0.998828 0
    outer loop
      vertex 15.1976 10.8889 0
      vertex 14.8757 10.8733 0.4
      vertex 15.1976 10.8889 0.4
    endloop
  endfacet
  facet normal -0.0484054 0.998828 0
    outer loop
      vertex 14.8757 10.8733 0.4
      vertex 15.1976 10.8889 0
      vertex 14.8757 10.8733 0
    endloop
  endfacet
  facet normal 0.0890956 0.996023 -0
    outer loop
      vertex 15.8337 10.832 0
      vertex 15.1976 10.8889 0.4
      vertex 15.8337 10.832 0.4
    endloop
  endfacet
  facet normal 0.0890956 0.996023 0
    outer loop
      vertex 15.1976 10.8889 0.4
      vertex 15.8337 10.832 0
      vertex 15.1976 10.8889 0
    endloop
  endfacet
  facet normal 0.352026 0.93599 -0
    outer loop
      vertex 16.2881 10.6611 0
      vertex 15.8337 10.832 0.4
      vertex 16.2881 10.6611 0.4
    endloop
  endfacet
  facet normal 0.352026 0.93599 0
    outer loop
      vertex 15.8337 10.832 0.4
      vertex 16.2881 10.6611 0
      vertex 15.8337 10.832 0
    endloop
  endfacet
  facet normal 0.72241 0.691464 0
    outer loop
      vertex 16.5607 10.3763 0.4
      vertex 16.2881 10.6611 0
      vertex 16.2881 10.6611 0.4
    endloop
  endfacet
  facet normal 0.72241 0.691464 0
    outer loop
      vertex 16.2881 10.6611 0
      vertex 16.5607 10.3763 0.4
      vertex 16.5607 10.3763 0
    endloop
  endfacet
  facet normal 0.97504 0.222028 0
    outer loop
      vertex 16.6515 9.97755 0.4
      vertex 16.5607 10.3763 0
      vertex 16.5607 10.3763 0.4
    endloop
  endfacet
  facet normal 0.97504 0.222028 0
    outer loop
      vertex 16.5607 10.3763 0
      vertex 16.6515 9.97755 0.4
      vertex 16.6515 9.97755 0
    endloop
  endfacet
  facet normal 0.997736 -0.0672536 0
    outer loop
      vertex 16.6419 9.83513 0.4
      vertex 16.6515 9.97755 0
      vertex 16.6515 9.97755 0.4
    endloop
  endfacet
  facet normal 0.997736 -0.0672536 0
    outer loop
      vertex 16.6515 9.97755 0
      vertex 16.6419 9.83513 0.4
      vertex 16.6419 9.83513 0
    endloop
  endfacet
  facet normal 0.975599 -0.219559 0
    outer loop
      vertex 16.6129 9.70627 0.4
      vertex 16.6419 9.83513 0
      vertex 16.6419 9.83513 0.4
    endloop
  endfacet
  facet normal 0.975599 -0.219559 0
    outer loop
      vertex 16.6419 9.83513 0
      vertex 16.6129 9.70627 0.4
      vertex 16.6129 9.70627 0
    endloop
  endfacet
  facet normal 0.922342 -0.386376 0
    outer loop
      vertex 16.5646 9.59097 0.4
      vertex 16.6129 9.70627 0
      vertex 16.6129 9.70627 0.4
    endloop
  endfacet
  facet normal 0.922342 -0.386376 0
    outer loop
      vertex 16.6129 9.70627 0
      vertex 16.5646 9.59097 0.4
      vertex 16.5646 9.59097 0
    endloop
  endfacet
  facet normal 0.832906 -0.553415 0
    outer loop
      vertex 16.497 9.48923 0.4
      vertex 16.5646 9.59097 0
      vertex 16.5646 9.59097 0.4
    endloop
  endfacet
  facet normal 0.832906 -0.553415 0
    outer loop
      vertex 16.5646 9.59097 0
      vertex 16.497 9.48923 0.4
      vertex 16.497 9.48923 0
    endloop
  endfacet
  facet normal 0.725364 -0.688365 0
    outer loop
      vertex 16.4103 9.39787 0.4
      vertex 16.497 9.48923 0
      vertex 16.497 9.48923 0.4
    endloop
  endfacet
  facet normal 0.725364 -0.688365 0
    outer loop
      vertex 16.497 9.48923 0
      vertex 16.4103 9.39787 0.4
      vertex 16.4103 9.39787 0
    endloop
  endfacet
  facet normal 0.625147 -0.780507 0
    outer loop
      vertex 16.3051 9.31361 0
      vertex 16.4103 9.39787 0.4
      vertex 16.3051 9.31361 0.4
    endloop
  endfacet
  facet normal 0.625147 -0.780507 0
    outer loop
      vertex 16.4103 9.39787 0.4
      vertex 16.3051 9.31361 0
      vertex 16.4103 9.39787 0
    endloop
  endfacet
  facet normal 0.528225 -0.849104 0
    outer loop
      vertex 16.1811 9.23647 0
      vertex 16.3051 9.31361 0.4
      vertex 16.1811 9.23647 0.4
    endloop
  endfacet
  facet normal 0.528225 -0.849104 0
    outer loop
      vertex 16.3051 9.31361 0.4
      vertex 16.1811 9.23647 0
      vertex 16.3051 9.31361 0
    endloop
  endfacet
  facet normal 0.441107 -0.897455 0
    outer loop
      vertex 16.0386 9.16643 0
      vertex 16.1811 9.23647 0.4
      vertex 16.0386 9.16643 0.4
    endloop
  endfacet
  facet normal 0.441107 -0.897455 0
    outer loop
      vertex 16.1811 9.23647 0.4
      vertex 16.0386 9.16643 0
      vertex 16.1811 9.23647 0
    endloop
  endfacet
  facet normal 0.347212 -0.937787 0
    outer loop
      vertex 15.8477 9.09575 0
      vertex 16.0386 9.16643 0.4
      vertex 15.8477 9.09575 0.4
    endloop
  endfacet
  facet normal 0.347212 -0.937787 0
    outer loop
      vertex 16.0386 9.16643 0.4
      vertex 15.8477 9.09575 0
      vertex 16.0386 9.16643 0
    endloop
  endfacet
  facet normal 0.282402 -0.959296 0
    outer loop
      vertex 15.5788 9.01659 0
      vertex 15.8477 9.09575 0.4
      vertex 15.5788 9.01659 0.4
    endloop
  endfacet
  facet normal 0.282402 -0.959296 0
    outer loop
      vertex 15.8477 9.09575 0.4
      vertex 15.5788 9.01659 0
      vertex 15.8477 9.09575 0
    endloop
  endfacet
  facet normal 0.244915 -0.969544 0
    outer loop
      vertex 15.2319 8.92896 0
      vertex 15.5788 9.01659 0.4
      vertex 15.2319 8.92896 0.4
    endloop
  endfacet
  facet normal 0.244915 -0.969544 0
    outer loop
      vertex 15.5788 9.01659 0.4
      vertex 15.2319 8.92896 0
      vertex 15.5788 9.01659 0
    endloop
  endfacet
  facet normal 0.220692 -0.975344 0
    outer loop
      vertex 14.8071 8.83284 0
      vertex 15.2319 8.92896 0.4
      vertex 14.8071 8.83284 0.4
    endloop
  endfacet
  facet normal 0.220692 -0.975344 0
    outer loop
      vertex 15.2319 8.92896 0.4
      vertex 14.8071 8.83284 0
      vertex 15.2319 8.92896 0
    endloop
  endfacet
  facet normal 0.218336 -0.975874 0
    outer loop
      vertex 14.2956 8.7184 0
      vertex 14.8071 8.83284 0.4
      vertex 14.2956 8.7184 0.4
    endloop
  endfacet
  facet normal 0.218336 -0.975874 0
    outer loop
      vertex 14.8071 8.83284 0.4
      vertex 14.2956 8.7184 0
      vertex 14.8071 8.83284 0
    endloop
  endfacet
  facet normal 0.246177 -0.969225 0
    outer loop
      vertex 13.8624 8.60837 0
      vertex 14.2956 8.7184 0.4
      vertex 13.8624 8.60837 0.4
    endloop
  endfacet
  facet normal 0.246177 -0.969225 0
    outer loop
      vertex 14.2956 8.7184 0.4
      vertex 13.8624 8.60837 0
      vertex 14.2956 8.7184 0
    endloop
  endfacet
  facet normal 0.28529 -0.958441 0
    outer loop
      vertex 13.5076 8.50276 0
      vertex 13.8624 8.60837 0.4
      vertex 13.5076 8.50276 0.4
    endloop
  endfacet
  facet normal 0.28529 -0.958441 0
    outer loop
      vertex 13.8624 8.60837 0.4
      vertex 13.5076 8.50276 0
      vertex 13.8624 8.60837 0
    endloop
  endfacet
  facet normal 0.343736 -0.939066 0
    outer loop
      vertex 13.2311 8.40155 0
      vertex 13.5076 8.50276 0.4
      vertex 13.2311 8.40155 0.4
    endloop
  endfacet
  facet normal 0.343736 -0.939066 0
    outer loop
      vertex 13.5076 8.50276 0.4
      vertex 13.2311 8.40155 0
      vertex 13.5076 8.50276 0
    endloop
  endfacet
  facet normal 0.416471 -0.909149 0
    outer loop
      vertex 13.0061 8.29848 0
      vertex 13.2311 8.40155 0.4
      vertex 13.0061 8.29848 0.4
    endloop
  endfacet
  facet normal 0.416471 -0.909149 0
    outer loop
      vertex 13.2311 8.40155 0.4
      vertex 13.0061 8.29848 0
      vertex 13.2311 8.40155 0
    endloop
  endfacet
  facet normal 0.485602 -0.87418 0
    outer loop
      vertex 12.8059 8.18727 0
      vertex 13.0061 8.29848 0.4
      vertex 12.8059 8.18727 0.4
    endloop
  endfacet
  facet normal 0.485602 -0.87418 0
    outer loop
      vertex 13.0061 8.29848 0.4
      vertex 12.8059 8.18727 0
      vertex 13.0061 8.29848 0
    endloop
  endfacet
  facet normal 0.562561 -0.826756 0
    outer loop
      vertex 12.6305 8.06792 0
      vertex 12.8059 8.18727 0.4
      vertex 12.6305 8.06792 0.4
    endloop
  endfacet
  facet normal 0.562561 -0.826756 0
    outer loop
      vertex 12.8059 8.18727 0.4
      vertex 12.6305 8.06792 0
      vertex 12.8059 8.18727 0
    endloop
  endfacet
  facet normal 0.645838 -0.763475 0
    outer loop
      vertex 12.4798 7.94044 0
      vertex 12.6305 8.06792 0.4
      vertex 12.4798 7.94044 0.4
    endloop
  endfacet
  facet normal 0.645838 -0.763475 0
    outer loop
      vertex 12.6305 8.06792 0.4
      vertex 12.4798 7.94044 0
      vertex 12.6305 8.06792 0
    endloop
  endfacet
  facet normal 0.727101 -0.686531 0
    outer loop
      vertex 12.3495 7.80244 0.4
      vertex 12.4798 7.94044 0
      vertex 12.4798 7.94044 0.4
    endloop
  endfacet
  facet normal 0.727101 -0.686531 0
    outer loop
      vertex 12.4798 7.94044 0
      vertex 12.3495 7.80244 0.4
      vertex 12.3495 7.80244 0
    endloop
  endfacet
  facet normal 0.798136 -0.602477 0
    outer loop
      vertex 12.2356 7.65155 0.4
      vertex 12.3495 7.80244 0
      vertex 12.3495 7.80244 0.4
    endloop
  endfacet
  facet normal 0.798136 -0.602477 0
    outer loop
      vertex 12.3495 7.80244 0
      vertex 12.2356 7.65155 0.4
      vertex 12.2356 7.65155 0
    endloop
  endfacet
  facet normal 0.859049 -0.511894 0
    outer loop
      vertex 12.138 7.48776 0.4
      vertex 12.2356 7.65155 0
      vertex 12.2356 7.65155 0.4
    endloop
  endfacet
  facet normal 0.859049 -0.511894 0
    outer loop
      vertex 12.2356 7.65155 0
      vertex 12.138 7.48776 0.4
      vertex 12.138 7.48776 0
    endloop
  endfacet
  facet normal 0.908242 -0.418445 0
    outer loop
      vertex 12.0566 7.31108 0.4
      vertex 12.138 7.48776 0
      vertex 12.138 7.48776 0.4
    endloop
  endfacet
  facet normal 0.908242 -0.418445 0
    outer loop
      vertex 12.138 7.48776 0
      vertex 12.0566 7.31108 0.4
      vertex 12.0566 7.31108 0
    endloop
  endfacet
  facet normal 0.94754 -0.319637 0
    outer loop
      vertex 11.9925 7.12106 0.4
      vertex 12.0566 7.31108 0
      vertex 12.0566 7.31108 0.4
    endloop
  endfacet
  facet normal 0.94754 -0.319637 0
    outer loop
      vertex 12.0566 7.31108 0
      vertex 11.9925 7.12106 0.4
      vertex 11.9925 7.12106 0
    endloop
  endfacet
  facet normal 0.975696 -0.219129 0
    outer loop
      vertex 11.9467 6.91713 0.4
      vertex 11.9925 7.12106 0
      vertex 11.9925 7.12106 0.4
    endloop
  endfacet
  facet normal 0.975696 -0.219129 0
    outer loop
      vertex 11.9925 7.12106 0
      vertex 11.9467 6.91713 0.4
      vertex 11.9467 6.91713 0
    endloop
  endfacet
  facet normal 0.992182 -0.124803 0
    outer loop
      vertex 11.9193 6.6993 0.4
      vertex 11.9467 6.91713 0
      vertex 11.9467 6.91713 0.4
    endloop
  endfacet
  facet normal 0.992182 -0.124803 0
    outer loop
      vertex 11.9467 6.91713 0
      vertex 11.9193 6.6993 0.4
      vertex 11.9193 6.6993 0
    endloop
  endfacet
  facet normal 0.999213 -0.0396718 0
    outer loop
      vertex 11.9101 6.46758 0.4
      vertex 11.9193 6.6993 0
      vertex 11.9193 6.6993 0.4
    endloop
  endfacet
  facet normal 0.999213 -0.0396718 0
    outer loop
      vertex 11.9193 6.6993 0
      vertex 11.9101 6.46758 0.4
      vertex 11.9101 6.46758 0
    endloop
  endfacet
  facet normal 0.995193 0.0979317 0
    outer loop
      vertex 11.9621 5.93915 0.4
      vertex 11.9101 6.46758 0
      vertex 11.9101 6.46758 0.4
    endloop
  endfacet
  facet normal 0.995193 0.0979317 0
    outer loop
      vertex 11.9101 6.46758 0
      vertex 11.9621 5.93915 0.4
      vertex 11.9621 5.93915 0
    endloop
  endfacet
  facet normal 0.947391 0.32008 0
    outer loop
      vertex 12.1183 5.47682 0.4
      vertex 11.9621 5.93915 0
      vertex 11.9621 5.93915 0.4
    endloop
  endfacet
  facet normal 0.947391 0.32008 0
    outer loop
      vertex 11.9621 5.93915 0
      vertex 12.1183 5.47682 0.4
      vertex 12.1183 5.47682 0
    endloop
  endfacet
  facet normal 0.835854 0.548952 0
    outer loop
      vertex 12.3785 5.08063 0.4
      vertex 12.1183 5.47682 0
      vertex 12.1183 5.47682 0.4
    endloop
  endfacet
  facet normal 0.835854 0.548952 0
    outer loop
      vertex 12.1183 5.47682 0
      vertex 12.3785 5.08063 0.4
      vertex 12.3785 5.08063 0
    endloop
  endfacet
  facet normal 0.671366 0.741126 -0
    outer loop
      vertex 12.7429 4.75053 0
      vertex 12.3785 5.08063 0.4
      vertex 12.7429 4.75053 0.4
    endloop
  endfacet
  facet normal 0.671366 0.741126 0
    outer loop
      vertex 12.3785 5.08063 0.4
      vertex 12.7429 4.75053 0
      vertex 12.3785 5.08063 0
    endloop
  endfacet
  facet normal 0.48786 0.872922 -0
    outer loop
      vertex 13.2079 4.49065 0
      vertex 12.7429 4.75053 0.4
      vertex 13.2079 4.49065 0.4
    endloop
  endfacet
  facet normal 0.48786 0.872922 0
    outer loop
      vertex 12.7429 4.75053 0.4
      vertex 13.2079 4.49065 0
      vertex 12.7429 4.75053 0
    endloop
  endfacet
  facet normal 0.313486 0.949593 -0
    outer loop
      vertex 13.7702 4.30502 0
      vertex 13.2079 4.49065 0.4
      vertex 13.7702 4.30502 0.4
    endloop
  endfacet
  facet normal 0.313486 0.949593 0
    outer loop
      vertex 13.2079 4.49065 0.4
      vertex 13.7702 4.30502 0
      vertex 13.2079 4.49065 0
    endloop
  endfacet
  facet normal 0.166464 0.986048 -0
    outer loop
      vertex 14.4299 4.19365 0
      vertex 13.7702 4.30502 0.4
      vertex 14.4299 4.19365 0.4
    endloop
  endfacet
  facet normal 0.166464 0.986048 0
    outer loop
      vertex 13.7702 4.30502 0.4
      vertex 14.4299 4.19365 0
      vertex 13.7702 4.30502 0
    endloop
  endfacet
  facet normal 0.0489964 0.998799 -0
    outer loop
      vertex 15.1868 4.15652 0
      vertex 14.4299 4.19365 0.4
      vertex 15.1868 4.15652 0.4
    endloop
  endfacet
  facet normal 0.0489964 0.998799 0
    outer loop
      vertex 14.4299 4.19365 0.4
      vertex 15.1868 4.15652 0
      vertex 14.4299 4.19365 0
    endloop
  endfacet
  facet normal -0.0467564 0.998906 0
    outer loop
      vertex 15.8822 4.18907 0
      vertex 15.1868 4.15652 0.4
      vertex 15.8822 4.18907 0.4
    endloop
  endfacet
  facet normal -0.0467564 0.998906 0
    outer loop
      vertex 15.1868 4.15652 0.4
      vertex 15.8822 4.18907 0
      vertex 15.1868 4.15652 0
    endloop
  endfacet
  facet normal 0.607304 0.79447 -0
    outer loop
      vertex 31.0071 7.05348 0
      vertex 30.0632 7.77501 0.4
      vertex 31.0071 7.05348 0.4
    endloop
  endfacet
  facet normal 0.607304 0.79447 0
    outer loop
      vertex 30.0632 7.77501 0.4
      vertex 31.0071 7.05348 0
      vertex 30.0632 7.77501 0
    endloop
  endfacet
  facet normal 1 -0 0
    outer loop
      vertex 31.0071 4.26501 0.4
      vertex 31.0071 7.05348 0
      vertex 31.0071 7.05348 0.4
    endloop
  endfacet
  facet normal 1 0 0
    outer loop
      vertex 31.0071 7.05348 0
      vertex 31.0071 4.26501 0.4
      vertex 31.0071 4.26501 0
    endloop
  endfacet
  facet normal 0 1 -0
    outer loop
      vertex 32.6075 4.26501 0
      vertex 31.0071 4.26501 0.4
      vertex 32.6075 4.26501 0.4
    endloop
  endfacet
  facet normal 0 1 0
    outer loop
      vertex 31.0071 4.26501 0.4
      vertex 32.6075 4.26501 0
      vertex 31.0071 4.26501 0
    endloop
  endfacet
  facet normal -1 0 0
    outer loop
      vertex 32.6075 4.26501 0
      vertex 32.6075 11.9088 0.4
      vertex 32.6075 11.9088 0
    endloop
  endfacet
  facet normal -1 -0 0
    outer loop
      vertex 32.6075 11.9088 0.4
      vertex 32.6075 4.26501 0
      vertex 32.6075 4.26501 0.4
    endloop
  endfacet
  facet normal 0 -1 0
    outer loop
      vertex 31.0071 11.9088 0
      vertex 32.6075 11.9088 0.4
      vertex 31.0071 11.9088 0.4
    endloop
  endfacet
  facet normal 0 -1 -0
    outer loop
      vertex 32.6075 11.9088 0.4
      vertex 31.0071 11.9088 0
      vertex 32.6075 11.9088 0
    endloop
  endfacet
  facet normal 1 -0 0
    outer loop
      vertex 31.0071 8.44228 0.4
      vertex 31.0071 11.9088 0
      vertex 31.0071 11.9088 0.4
    endloop
  endfacet
  facet normal 1 0 0
    outer loop
      vertex 31.0071 11.9088 0
      vertex 31.0071 8.44228 0.4
      vertex 31.0071 8.44228 0
    endloop
  endfacet
  facet normal -0.709315 -0.704891 0
    outer loop
      vertex 31.0071 8.44228 0
      vertex 27.5622 11.9088 0.4
      vertex 27.5622 11.9088 0
    endloop
  endfacet
  facet normal -0.709315 -0.704891 0
    outer loop
      vertex 27.5622 11.9088 0.4
      vertex 31.0071 8.44228 0
      vertex 31.0071 8.44228 0.4
    endloop
  endfacet
  facet normal 0 -1 0
    outer loop
      vertex 25.6961 11.9088 0
      vertex 27.5622 11.9088 0.4
      vertex 25.6961 11.9088 0.4
    endloop
  endfacet
  facet normal 0 -1 -0
    outer loop
      vertex 27.5622 11.9088 0.4
      vertex 25.6961 11.9088 0
      vertex 27.5622 11.9088 0
    endloop
  endfacet
  facet normal 0.703556 0.710639 -0
    outer loop
      vertex 28.9619 8.67555 0
      vertex 25.6961 11.9088 0.4
      vertex 28.9619 8.67555 0.4
    endloop
  endfacet
  facet normal 0.703556 0.710639 0
    outer loop
      vertex 25.6961 11.9088 0.4
      vertex 28.9619 8.67555 0
      vertex 25.6961 11.9088 0
    endloop
  endfacet
  facet normal 0.780587 -0.625048 0
    outer loop
      vertex 25.4302 4.26501 0.4
      vertex 28.9619 8.67555 0
      vertex 28.9619 8.67555 0.4
    endloop
  endfacet
  facet normal 0.780587 -0.625048 0
    outer loop
      vertex 28.9619 8.67555 0
      vertex 25.4302 4.26501 0.4
      vertex 25.4302 4.26501 0
    endloop
  endfacet
  facet normal 0 1 -0
    outer loop
      vertex 27.3181 4.26501 0
      vertex 25.4302 4.26501 0.4
      vertex 27.3181 4.26501 0.4
    endloop
  endfacet
  facet normal 0 1 0
    outer loop
      vertex 25.4302 4.26501 0.4
      vertex 27.3181 4.26501 0
      vertex 25.4302 4.26501 0
    endloop
  endfacet
  facet normal -0.787707 0.61605 0
    outer loop
      vertex 27.3181 4.26501 0
      vertex 30.0632 7.77501 0.4
      vertex 30.0632 7.77501 0
    endloop
  endfacet
  facet normal -0.787707 0.61605 0
    outer loop
      vertex 30.0632 7.77501 0.4
      vertex 27.3181 4.26501 0
      vertex 27.3181 4.26501 0.4
    endloop
  endfacet
  facet normal 0 -1 0
    outer loop
      vertex 19.1349 11.9088 0
      vertex 24.7715 11.9088 0.4
      vertex 19.1349 11.9088 0.4
    endloop
  endfacet
  facet normal 0 -1 -0
    outer loop
      vertex 24.7715 11.9088 0.4
      vertex 19.1349 11.9088 0
      vertex 24.7715 11.9088 0
    endloop
  endfacet
  facet normal 1 -0 0
    outer loop
      vertex 19.1349 10.672 0.4
      vertex 19.1349 11.9088 0
      vertex 19.1349 11.9088 0.4
    endloop
  endfacet
  facet normal 1 0 0
    outer loop
      vertex 19.1349 11.9088 0
      vertex 19.1349 10.672 0.4
      vertex 19.1349 10.672 0
    endloop
  endfacet
  facet normal 0 1 -0
    outer loop
      vertex 23.1711 10.672 0
      vertex 19.1349 10.672 0.4
      vertex 23.1711 10.672 0.4
    endloop
  endfacet
  facet normal 0 1 0
    outer loop
      vertex 19.1349 10.672 0.4
      vertex 23.1711 10.672 0
      vertex 19.1349 10.672 0
    endloop
  endfacet
  facet normal 1 -0 0
    outer loop
      vertex 23.1711 8.30659 0.4
      vertex 23.1711 10.672 0
      vertex 23.1711 10.672 0.4
    endloop
  endfacet
  facet normal 1 0 0
    outer loop
      vertex 23.1711 10.672 0
      vertex 23.1711 8.30659 0.4
      vertex 23.1711 8.30659 0
    endloop
  endfacet
  facet normal 0 -1 0
    outer loop
      vertex 19.2597 8.30659 0
      vertex 23.1711 8.30659 0.4
      vertex 19.2597 8.30659 0.4
    endloop
  endfacet
  facet normal 0 -1 -0
    outer loop
      vertex 23.1711 8.30659 0.4
      vertex 19.2597 8.30659 0
      vertex 23.1711 8.30659 0
    endloop
  endfacet
  facet normal 1 -0 0
    outer loop
      vertex 19.2597 7.06973 0.4
      vertex 19.2597 8.30659 0
      vertex 19.2597 8.30659 0.4
    endloop
  endfacet
  facet normal 1 0 0
    outer loop
      vertex 19.2597 8.30659 0
      vertex 19.2597 7.06973 0.4
      vertex 19.2597 7.06973 0
    endloop
  endfacet
  facet normal 0 1 -0
    outer loop
      vertex 23.1711 7.06973 0
      vertex 19.2597 7.06973 0.4
      vertex 23.1711 7.06973 0.4
    endloop
  endfacet
  facet normal 0 1 0
    outer loop
      vertex 19.2597 7.06973 0.4
      vertex 23.1711 7.06973 0
      vertex 19.2597 7.06973 0
    endloop
  endfacet
  facet normal 1 -0 0
    outer loop
      vertex 23.1711 4.26501 0.4
      vertex 23.1711 7.06973 0
      vertex 23.1711 7.06973 0.4
    endloop
  endfacet
  facet normal 1 0 0
    outer loop
      vertex 23.1711 7.06973 0
      vertex 23.1711 4.26501 0.4
      vertex 23.1711 4.26501 0
    endloop
  endfacet
  facet normal 0 1 -0
    outer loop
      vertex 24.7715 4.26501 0
      vertex 23.1711 4.26501 0.4
      vertex 24.7715 4.26501 0.4
    endloop
  endfacet
  facet normal 0 1 0
    outer loop
      vertex 23.1711 4.26501 0.4
      vertex 24.7715 4.26501 0
      vertex 23.1711 4.26501 0
    endloop
  endfacet
  facet normal -1 0 0
    outer loop
      vertex 24.7715 4.26501 0
      vertex 24.7715 11.9088 0.4
      vertex 24.7715 11.9088 0
    endloop
  endfacet
  facet normal -1 -0 0
    outer loop
      vertex 24.7715 11.9088 0.4
      vertex 24.7715 4.26501 0
      vertex 24.7715 4.26501 0.4
    endloop
  endfacet
  facet normal 1 0 0
    outer loop
      vertex 11 11.9611 3.6
      vertex 11 4.6 3.6
      vertex 11 11.9611 1.6
    endloop
  endfacet
  facet normal 1 -0 0
    outer loop
      vertex 11 13.8389 3.6
      vertex 11 22.6 1.6
      vertex 11 22.6 3.6
    endloop
  endfacet
  facet normal 1 0 0
    outer loop
      vertex 11 13.8389 1.6
      vertex 11 22.6 1.6
      vertex 11 13.8389 3.6
    endloop
  endfacet
  facet normal 0 0 0
    outer loop
      vertex 11 11.9611 1.6
      vertex 11 22.6 1.6
      vertex 11 13.8389 1.6
    endloop
  endfacet
  facet normal -0 0 0
    outer loop
      vertex 11 11.9611 1.6
      vertex 11 4.6 1.6
      vertex 11 22.6 1.6
    endloop
  endfacet
  facet normal 1 0 0
    outer loop
      vertex 11 4.6 1.6
      vertex 11 11.9611 1.6
      vertex 11 4.6 3.6
    endloop
  endfacet
  facet normal -0 0 1
    outer loop
      vertex 10.2 22.6 3.6
      vertex 11 13.8389 3.6
      vertex 11 22.6 3.6
    endloop
  endfacet
  facet normal 0 0 1
    outer loop
      vertex 11 13.8389 3.6
      vertex 10.2 22.6 3.6
      vertex 10.9546 13.7498 3.6
    endloop
  endfacet
  facet normal 0 0 1
    outer loop
      vertex 10.9546 13.7498 3.6
      vertex 10.2 22.6 3.6
      vertex 10.82 12.9 3.6
    endloop
  endfacet
  facet normal 0 0 1
    outer loop
      vertex 10.2 4.6 3.6
      vertex 11 11.9611 3.6
      vertex 10.9546 12.0502 3.6
    endloop
  endfacet
  facet normal 0 0 1
    outer loop
      vertex 10.2 4.6 3.6
      vertex 10.9546 12.0502 3.6
      vertex 10.82 12.9 3.6
    endloop
  endfacet
  facet normal 0 0 1
    outer loop
      vertex 10.2 4.6 3.6
      vertex 10.82 12.9 3.6
      vertex 10.2 22.6 3.6
    endloop
  endfacet
  facet normal 0 0 1
    outer loop
      vertex 11 11.9611 3.6
      vertex 10.2 4.6 3.6
      vertex 11 4.6 3.6
    endloop
  endfacet
  facet normal -1 0 0
    outer loop
      vertex 10.2 4.6 2.4
      vertex 10.2 22.6 3.6
      vertex 10.2 22.6 2.4
    endloop
  endfacet
  facet normal -1 -0 0
    outer loop
      vertex 10.2 22.6 3.6
      vertex 10.2 4.6 2.4
      vertex 10.2 4.6 3.6
    endloop
  endfacet
  facet normal 0 1 0
    outer loop
      vertex 11 22.6 3.6
      vertex 10.2 22.6 2.4
      vertex 10.2 22.6 3.6
    endloop
  endfacet
  facet normal 0 1 -0
    outer loop
      vertex 11 22.6 1.6
      vertex 10.2 22.6 2.4
      vertex 11 22.6 3.6
    endloop
  endfacet
  facet normal 0 1 0
    outer loop
      vertex 9.7 22.6 1.6
      vertex 10.2 22.6 2.4
      vertex 11 22.6 1.6
    endloop
  endfacet
  facet normal 0 1 0
    outer loop
      vertex 10.2 22.6 2.4
      vertex 9.7 22.6 1.6
      vertex 9.7 22.6 2.4
    endloop
  endfacet
  facet normal 0 -1 0
    outer loop
      vertex 9.7 4.6 2.4
      vertex 9.7 4.6 1.6
      vertex 10.2 4.6 2.4
    endloop
  endfacet
  facet normal 0 -1 0
    outer loop
      vertex 10.2 4.6 2.4
      vertex 11 4.6 3.6
      vertex 10.2 4.6 3.6
    endloop
  endfacet
  facet normal 0 -1 0
    outer loop
      vertex 11 4.6 1.6
      vertex 10.2 4.6 2.4
      vertex 9.7 4.6 1.6
    endloop
  endfacet
  facet normal 0 -1 0
    outer loop
      vertex 10.2 4.6 2.4
      vertex 11 4.6 1.6
      vertex 11 4.6 3.6
    endloop
  endfacet
  facet normal -0 0 1
    outer loop
      vertex 9.7 22.6 2.4
      vertex 10.2 4.6 2.4
      vertex 10.2 22.6 2.4
    endloop
  endfacet
  facet normal 0 0 1
    outer loop
      vertex 10.2 4.6 2.4
      vertex 9.7 22.6 2.4
      vertex 9.7 4.6 2.4
    endloop
  endfacet
  facet normal -1 0 0
    outer loop
      vertex 9.7 4.6 1.6
      vertex 9.7 22.6 2.4
      vertex 9.7 22.6 1.6
    endloop
  endfacet
  facet normal -1 -0 0
    outer loop
      vertex 9.7 22.6 2.4
      vertex 9.7 4.6 1.6
      vertex 9.7 4.6 2.4
    endloop
  endfacet
  facet normal 1 -0 0
    outer loop
      vertex 34.8 4.6 3.6
      vertex 34.8 22.6 2.4
      vertex 34.8 22.6 3.6
    endloop
  endfacet
  facet normal 1 0 0
    outer loop
      vertex 34.8 22.6 2.4
      vertex 34.8 4.6 3.6
      vertex 34.8 4.6 2.4
    endloop
  endfacet
  facet normal 0 0 1
    outer loop
      vertex 34.8 22.6 3.6
      vertex 34.1 12.9 3.6
      vertex 34.8 4.6 3.6
    endloop
  endfacet
  facet normal 0 0 1
    outer loop
      vertex 34 13.5314 3.6
      vertex 34.8 22.6 3.6
      vertex 34 22.6 3.6
    endloop
  endfacet
  facet normal 0 0 1
    outer loop
      vertex 34.8 22.6 3.6
      vertex 34 13.5314 3.6
      vertex 34.1 12.9 3.6
    endloop
  endfacet
  facet normal -0 0 1
    outer loop
      vertex 34 12.2686 3.6
      vertex 34.8 4.6 3.6
      vertex 34.1 12.9 3.6
    endloop
  endfacet
  facet normal 0 0 1
    outer loop
      vertex 34.8 4.6 3.6
      vertex 34 12.2686 3.6
      vertex 34 4.6 3.6
    endloop
  endfacet
  facet normal -1 0 0
    outer loop
      vertex 34 22.6 1.6
      vertex 34 13.5314 1.6
      vertex 34 22.6 3.6
    endloop
  endfacet
  facet normal 0 0 0
    outer loop
      vertex 34 22.6 1.6
      vertex 34 12.2686 1.6
      vertex 34 13.5314 1.6
    endloop
  endfacet
  facet normal 0 0 0
    outer loop
      vertex 34 4.6 1.6
      vertex 34 12.2686 1.6
      vertex 34 22.6 1.6
    endloop
  endfacet
  facet normal -1 0 0
    outer loop
      vertex 34 4.6 1.6
      vertex 34 12.2686 3.6
      vertex 34 12.2686 1.6
    endloop
  endfacet
  facet normal -1 -0 0
    outer loop
      vertex 34 12.2686 3.6
      vertex 34 4.6 1.6
      vertex 34 4.6 3.6
    endloop
  endfacet
  facet normal -1 -0 0
    outer loop
      vertex 34 22.6 3.6
      vertex 34 13.5314 1.6
      vertex 34 13.5314 3.6
    endloop
  endfacet
  facet normal 0 1 0
    outer loop
      vertex 35.3 22.6 2.4
      vertex 35.3 22.6 1.6
      vertex 34.8 22.6 2.4
    endloop
  endfacet
  facet normal 0 1 -0
    outer loop
      vertex 34.8 22.6 2.4
      vertex 34 22.6 3.6
      vertex 34.8 22.6 3.6
    endloop
  endfacet
  facet normal 0 1 0
    outer loop
      vertex 34 22.6 1.6
      vertex 34.8 22.6 2.4
      vertex 35.3 22.6 1.6
    endloop
  endfacet
  facet normal 0 1 0
    outer loop
      vertex 34.8 22.6 2.4
      vertex 34 22.6 1.6
      vertex 34 22.6 3.6
    endloop
  endfacet
  facet normal 0 -1 0
    outer loop
      vertex 34 4.6 3.6
      vertex 34.8 4.6 2.4
      vertex 34.8 4.6 3.6
    endloop
  endfacet
  facet normal 0 -1 0
    outer loop
      vertex 34 4.6 1.6
      vertex 34.8 4.6 2.4
      vertex 34 4.6 3.6
    endloop
  endfacet
  facet normal 0 -1 0
    outer loop
      vertex 35.3 4.6 1.6
      vertex 34.8 4.6 2.4
      vertex 34 4.6 1.6
    endloop
  endfacet
  facet normal 0 -1 0
    outer loop
      vertex 34.8 4.6 2.4
      vertex 35.3 4.6 1.6
      vertex 35.3 4.6 2.4
    endloop
  endfacet
  facet normal 1 -0 0
    outer loop
      vertex 35.3 4.6 2.4
      vertex 35.3 22.6 1.6
      vertex 35.3 22.6 2.4
    endloop
  endfacet
  facet normal 1 0 0
    outer loop
      vertex 35.3 22.6 1.6
      vertex 35.3 4.6 2.4
      vertex 35.3 4.6 1.6
    endloop
  endfacet
  facet normal -0 0 1
    outer loop
      vertex 34.8 22.6 2.4
      vertex 35.3 4.6 2.4
      vertex 35.3 22.6 2.4
    endloop
  endfacet
  facet normal 0 0 1
    outer loop
      vertex 35.3 4.6 2.4
      vertex 34.8 22.6 2.4
      vertex 34.8 4.6 2.4
    endloop
  endfacet
  facet normal 0.987687 0.15644 0
    outer loop
      vertex 16.32 12.9 5.6
      vertex 16.1854 13.7498 1.6
      vertex 16.1854 13.7498 5.6
    endloop
  endfacet
  facet normal 0.987687 0.15644 0
    outer loop
      vertex 16.1854 13.7498 1.6
      vertex 16.32 12.9 5.6
      vertex 16.32 12.9 1.6
    endloop
  endfacet
  facet normal -0.453988 -0.891008 0
    outer loop
      vertex 11.9536 10.6752 1.6
      vertex 12.7202 10.2846 5.6
      vertex 11.9536 10.6752 5.6
    endloop
  endfacet
  facet normal -0.453988 -0.891008 -0
    outer loop
      vertex 12.7202 10.2846 5.6
      vertex 11.9536 10.6752 1.6
      vertex 12.7202 10.2846 1.6
    endloop
  endfacet
  facet normal -0.707107 0.707107 0
    outer loop
      vertex 11.3452 14.5164 1.6
      vertex 11.9536 15.1248 5.6
      vertex 11.9536 15.1248 1.6
    endloop
  endfacet
  facet normal -0.707107 0.707107 0
    outer loop
      vertex 11.9536 15.1248 5.6
      vertex 11.3452 14.5164 1.6
      vertex 11.3452 14.5164 5.6
    endloop
  endfacet
  facet normal 0 0 -1
    outer loop
      vertex 15.17 12.9 1.6
      vertex 16.32 12.9 1.6
      vertex 16.1854 12.0502 1.6
    endloop
  endfacet
  facet normal 0 0 -1
    outer loop
      vertex 15.0482 12.2877 1.6
      vertex 16.1854 12.0502 1.6
      vertex 15.7948 11.2836 1.6
    endloop
  endfacet
  facet normal 0 0 -1
    outer loop
      vertex 16.32 12.9 1.6
      vertex 15.17 12.9 1.6
      vertex 16.1854 13.7498 1.6
    endloop
  endfacet
  facet normal 0 0 -1
    outer loop
      vertex 14.7014 11.7686 1.6
      vertex 15.7948 11.2836 1.6
      vertex 15.1864 10.6752 1.6
    endloop
  endfacet
  facet normal 0 0 -1
    outer loop
      vertex 15.0482 13.5123 1.6
      vertex 16.1854 13.7498 1.6
      vertex 15.17 12.9 1.6
    endloop
  endfacet
  facet normal -0 0 -1
    outer loop
      vertex 16.1854 13.7498 1.6
      vertex 15.0482 13.5123 1.6
      vertex 15.7948 14.5164 1.6
    endloop
  endfacet
  facet normal 0 0 -1
    outer loop
      vertex 16.1854 12.0502 1.6
      vertex 15.0482 12.2877 1.6
      vertex 15.17 12.9 1.6
    endloop
  endfacet
  facet normal 0 0 -1
    outer loop
      vertex 15.7948 11.2836 1.6
      vertex 14.7014 11.7686 1.6
      vertex 15.0482 12.2877 1.6
    endloop
  endfacet
  facet normal 0 0 -1
    outer loop
      vertex 14.1823 11.4218 1.6
      vertex 15.1864 10.6752 1.6
      vertex 14.4198 10.2846 1.6
    endloop
  endfacet
  facet normal 0 0 -1
    outer loop
      vertex 15.1864 10.6752 1.6
      vertex 14.1823 11.4218 1.6
      vertex 14.7014 11.7686 1.6
    endloop
  endfacet
  facet normal 0 0 -1
    outer loop
      vertex 13.57 11.3 1.6
      vertex 14.4198 10.2846 1.6
      vertex 13.57 10.15 1.6
    endloop
  endfacet
  facet normal 0 0 -1
    outer loop
      vertex 14.4198 10.2846 1.6
      vertex 13.57 11.3 1.6
      vertex 14.1823 11.4218 1.6
    endloop
  endfacet
  facet normal 0 0 -1
    outer loop
      vertex 12.7202 10.2846 1.6
      vertex 13.57 11.3 1.6
      vertex 13.57 10.15 1.6
    endloop
  endfacet
  facet normal -0 0 -1
    outer loop
      vertex 13.57 11.3 1.6
      vertex 12.7202 10.2846 1.6
      vertex 12.9577 11.4218 1.6
    endloop
  endfacet
  facet normal 0 0 -1
    outer loop
      vertex 11.9536 10.6752 1.6
      vertex 12.9577 11.4218 1.6
      vertex 12.7202 10.2846 1.6
    endloop
  endfacet
  facet normal -0 0 -1
    outer loop
      vertex 12.9577 11.4218 1.6
      vertex 11.9536 10.6752 1.6
      vertex 12.4386 11.7686 1.6
    endloop
  endfacet
  facet normal -0 0 -1
    outer loop
      vertex 12.4386 11.7686 1.6
      vertex 11.3452 11.2836 1.6
      vertex 12.0918 12.2877 1.6
    endloop
  endfacet
  facet normal 0 0 -1
    outer loop
      vertex 11.3452 11.2836 1.6
      vertex 12.4386 11.7686 1.6
      vertex 11.9536 10.6752 1.6
    endloop
  endfacet
  facet normal 0 0 -1
    outer loop
      vertex 14.7014 14.0314 1.6
      vertex 15.7948 14.5164 1.6
      vertex 15.0482 13.5123 1.6
    endloop
  endfacet
  facet normal -0 0 -1
    outer loop
      vertex 15.7948 14.5164 1.6
      vertex 14.7014 14.0314 1.6
      vertex 15.1864 15.1248 1.6
    endloop
  endfacet
  facet normal 0 0 -1
    outer loop
      vertex 14.1823 14.3782 1.6
      vertex 15.1864 15.1248 1.6
      vertex 14.7014 14.0314 1.6
    endloop
  endfacet
  facet normal -0 0 -1
    outer loop
      vertex 15.1864 15.1248 1.6
      vertex 14.1823 14.3782 1.6
      vertex 14.4198 15.5154 1.6
    endloop
  endfacet
  facet normal 0 0 -1
    outer loop
      vertex 13.57 14.5 1.6
      vertex 14.4198 15.5154 1.6
      vertex 14.1823 14.3782 1.6
    endloop
  endfacet
  facet normal 0 0 -1
    outer loop
      vertex 13.57 14.5 1.6
      vertex 13.57 15.65 1.6
      vertex 14.4198 15.5154 1.6
    endloop
  endfacet
  facet normal 0 0 -1
    outer loop
      vertex 12.7202 15.5154 1.6
      vertex 13.57 14.5 1.6
      vertex 12.9577 14.3782 1.6
    endloop
  endfacet
  facet normal 0 0 -1
    outer loop
      vertex 13.57 14.5 1.6
      vertex 12.7202 15.5154 1.6
      vertex 13.57 15.65 1.6
    endloop
  endfacet
  facet normal 0 0 -1
    outer loop
      vertex 11.9536 15.1248 1.6
      vertex 12.9577 14.3782 1.6
      vertex 12.4386 14.0314 1.6
    endloop
  endfacet
  facet normal 0 0 -1
    outer loop
      vertex 11.3452 14.5164 1.6
      vertex 12.4386 14.0314 1.6
      vertex 12.0918 13.5123 1.6
    endloop
  endfacet
  facet normal 0 0 -1
    outer loop
      vertex 12.9577 14.3782 1.6
      vertex 11.9536 15.1248 1.6
      vertex 12.7202 15.5154 1.6
    endloop
  endfacet
  facet normal 0 0 -1
    outer loop
      vertex 11 13.8389 1.6
      vertex 12.0918 13.5123 1.6
      vertex 11.97 12.9 1.6
    endloop
  endfacet
  facet normal 0 0 -1
    outer loop
      vertex 11 11.9611 1.6
      vertex 12.0918 12.2877 1.6
      vertex 11.3452 11.2836 1.6
    endloop
  endfacet
  facet normal -0 0 -1
    outer loop
      vertex 12.0918 12.2877 1.6
      vertex 11 11.9611 1.6
      vertex 11.97 12.9 1.6
    endloop
  endfacet
  facet normal 0 0 -1
    outer loop
      vertex 11 13.8389 1.6
      vertex 11.97 12.9 1.6
      vertex 11 11.9611 1.6
    endloop
  endfacet
  facet normal 0 0 -1
    outer loop
      vertex 12.0918 13.5123 1.6
      vertex 11 13.8389 1.6
      vertex 11.3452 14.5164 1.6
    endloop
  endfacet
  facet normal 0 0 -1
    outer loop
      vertex 12.4386 14.0314 1.6
      vertex 11.3452 14.5164 1.6
      vertex 11.9536 15.1248 1.6
    endloop
  endfacet
  facet normal 0.891008 0.453988 0
    outer loop
      vertex 16.1854 13.7498 5.6
      vertex 15.7948 14.5164 1.6
      vertex 15.7948 14.5164 5.6
    endloop
  endfacet
  facet normal 0.891008 0.453988 0
    outer loop
      vertex 15.7948 14.5164 1.6
      vertex 16.1854 13.7498 5.6
      vertex 16.1854 13.7498 1.6
    endloop
  endfacet
  facet normal 0.707107 -0.707107 0
    outer loop
      vertex 15.1864 10.6752 5.6
      vertex 15.7948 11.2836 1.6
      vertex 15.7948 11.2836 5.6
    endloop
  endfacet
  facet normal 0.707107 -0.707107 0
    outer loop
      vertex 15.7948 11.2836 1.6
      vertex 15.1864 10.6752 5.6
      vertex 15.1864 10.6752 1.6
    endloop
  endfacet
  facet normal 0.15644 -0.987687 0
    outer loop
      vertex 13.57 10.15 1.6
      vertex 14.4198 10.2846 5.6
      vertex 13.57 10.15 5.6
    endloop
  endfacet
  facet normal 0.15644 -0.987687 0
    outer loop
      vertex 14.4198 10.2846 5.6
      vertex 13.57 10.15 1.6
      vertex 14.4198 10.2846 1.6
    endloop
  endfacet
  facet normal 0.707107 0.707107 0
    outer loop
      vertex 15.7948 14.5164 5.6
      vertex 15.1864 15.1248 1.6
      vertex 15.1864 15.1248 5.6
    endloop
  endfacet
  facet normal 0.707107 0.707107 0
    outer loop
      vertex 15.1864 15.1248 1.6
      vertex 15.7948 14.5164 5.6
      vertex 15.7948 14.5164 1.6
    endloop
  endfacet
  facet normal -0.987687 -0.15644 0
    outer loop
      vertex 10.9546 12.0502 3.6
      vertex 10.82 12.9 5.6
      vertex 10.82 12.9 3.6
    endloop
  endfacet
  facet normal -0.987687 -0.15644 0
    outer loop
      vertex 10.82 12.9 5.6
      vertex 10.9546 12.0502 3.6
      vertex 10.9546 12.0502 5.6
    endloop
  endfacet
  facet normal -0.707107 -0.707107 0
    outer loop
      vertex 11.9536 10.6752 1.6
      vertex 11.3452 11.2836 5.6
      vertex 11.3452 11.2836 1.6
    endloop
  endfacet
  facet normal -0.707107 -0.707107 0
    outer loop
      vertex 11.3452 11.2836 5.6
      vertex 11.9536 10.6752 1.6
      vertex 11.9536 10.6752 5.6
    endloop
  endfacet
  facet normal 0.453988 -0.891008 0
    outer loop
      vertex 14.4198 10.2846 1.6
      vertex 15.1864 10.6752 5.6
      vertex 14.4198 10.2846 5.6
    endloop
  endfacet
  facet normal 0.453988 -0.891008 0
    outer loop
      vertex 15.1864 10.6752 5.6
      vertex 14.4198 10.2846 1.6
      vertex 15.1864 10.6752 1.6
    endloop
  endfacet
  facet normal 0.453988 0.891008 -0
    outer loop
      vertex 15.1864 15.1248 1.6
      vertex 14.4198 15.5154 5.6
      vertex 15.1864 15.1248 5.6
    endloop
  endfacet
  facet normal 0.453988 0.891008 0
    outer loop
      vertex 14.4198 15.5154 5.6
      vertex 15.1864 15.1248 1.6
      vertex 14.4198 15.5154 1.6
    endloop
  endfacet
  facet normal -0.15644 0.987687 0
    outer loop
      vertex 13.57 15.65 1.6
      vertex 12.7202 15.5154 5.6
      vertex 13.57 15.65 5.6
    endloop
  endfacet
  facet normal -0.15644 0.987687 0
    outer loop
      vertex 12.7202 15.5154 5.6
      vertex 13.57 15.65 1.6
      vertex 12.7202 15.5154 1.6
    endloop
  endfacet
  facet normal 0.15644 0.987687 -0
    outer loop
      vertex 14.4198 15.5154 1.6
      vertex 13.57 15.65 5.6
      vertex 14.4198 15.5154 5.6
    endloop
  endfacet
  facet normal 0.15644 0.987687 0
    outer loop
      vertex 13.57 15.65 5.6
      vertex 14.4198 15.5154 1.6
      vertex 13.57 15.65 1.6
    endloop
  endfacet
  facet normal -0.15644 -0.987687 0
    outer loop
      vertex 12.7202 10.2846 1.6
      vertex 13.57 10.15 5.6
      vertex 12.7202 10.2846 5.6
    endloop
  endfacet
  facet normal -0.15644 -0.987687 -0
    outer loop
      vertex 13.57 10.15 5.6
      vertex 12.7202 10.2846 1.6
      vertex 13.57 10.15 1.6
    endloop
  endfacet
  facet normal -0.453988 0.891008 0
    outer loop
      vertex 12.7202 15.5154 1.6
      vertex 11.9536 15.1248 5.6
      vertex 12.7202 15.5154 5.6
    endloop
  endfacet
  facet normal -0.453988 0.891008 0
    outer loop
      vertex 11.9536 15.1248 5.6
      vertex 12.7202 15.5154 1.6
      vertex 11.9536 15.1248 1.6
    endloop
  endfacet
  facet normal -0.891008 -0.453987 0
    outer loop
      vertex 11 11.9611 1.6
      vertex 11.3452 11.2836 1.6
      vertex 11 11.9611 3.6
    endloop
  endfacet
  facet normal -0.891001 -0.454001 0
    outer loop
      vertex 11 11.9611 3.6
      vertex 10.9546 12.0502 5.6
      vertex 10.9546 12.0502 3.6
    endloop
  endfacet
  facet normal -0.891008 -0.453987 -0
    outer loop
      vertex 11.3452 11.2836 5.6
      vertex 11 11.9611 3.6
      vertex 11.3452 11.2836 1.6
    endloop
  endfacet
  facet normal -0.891008 -0.453988 -6.85748e-07
    outer loop
      vertex 11 11.9611 3.6
      vertex 11.3452 11.2836 5.6
      vertex 10.9546 12.0502 5.6
    endloop
  endfacet
  facet normal -0.987687 0.15644 0
    outer loop
      vertex 10.82 12.9 3.6
      vertex 10.9546 13.7498 5.6
      vertex 10.9546 13.7498 3.6
    endloop
  endfacet
  facet normal -0.987687 0.15644 0
    outer loop
      vertex 10.9546 13.7498 5.6
      vertex 10.82 12.9 3.6
      vertex 10.82 12.9 5.6
    endloop
  endfacet
  facet normal -0.891008 0.453987 0
    outer loop
      vertex 11 13.8389 3.6
      vertex 11.3452 14.5164 1.6
      vertex 11 13.8389 1.6
    endloop
  endfacet
  facet normal -0.891008 0.453987 0
    outer loop
      vertex 11.3452 14.5164 1.6
      vertex 11 13.8389 3.6
      vertex 11.3452 14.5164 5.6
    endloop
  endfacet
  facet normal -0.891001 0.454001 0
    outer loop
      vertex 10.9546 13.7498 5.6
      vertex 11 13.8389 3.6
      vertex 10.9546 13.7498 3.6
    endloop
  endfacet
  facet normal -0.891008 0.453988 -6.85748e-07
    outer loop
      vertex 11 13.8389 3.6
      vertex 10.9546 13.7498 5.6
      vertex 11.3452 14.5164 5.6
    endloop
  endfacet
  facet normal 0.891008 -0.453988 0
    outer loop
      vertex 15.7948 11.2836 5.6
      vertex 16.1854 12.0502 1.6
      vertex 16.1854 12.0502 5.6
    endloop
  endfacet
  facet normal 0.891008 -0.453988 0
    outer loop
      vertex 16.1854 12.0502 1.6
      vertex 15.7948 11.2836 5.6
      vertex 15.7948 11.2836 1.6
    endloop
  endfacet
  facet normal 0.987687 -0.15644 0
    outer loop
      vertex 16.1854 12.0502 5.6
      vertex 16.32 12.9 1.6
      vertex 16.32 12.9 5.6
    endloop
  endfacet
  facet normal 0.987687 -0.15644 0
    outer loop
      vertex 16.32 12.9 1.6
      vertex 16.1854 12.0502 5.6
      vertex 16.1854 12.0502 1.6
    endloop
  endfacet
  facet normal 0 0 1
    outer loop
      vertex 15.17 12.9 5.6
      vertex 16.32 12.9 5.6
      vertex 16.1854 13.7498 5.6
    endloop
  endfacet
  facet normal 0 0 1
    outer loop
      vertex 15.0482 13.5123 5.6
      vertex 16.1854 13.7498 5.6
      vertex 15.7948 14.5164 5.6
    endloop
  endfacet
  facet normal 0 0 1
    outer loop
      vertex 16.32 12.9 5.6
      vertex 15.17 12.9 5.6
      vertex 16.1854 12.0502 5.6
    endloop
  endfacet
  facet normal 0 0 1
    outer loop
      vertex 14.7014 14.0314 5.6
      vertex 15.7948 14.5164 5.6
      vertex 15.1864 15.1248 5.6
    endloop
  endfacet
  facet normal -0 0 1
    outer loop
      vertex 15.0482 12.2877 5.6
      vertex 16.1854 12.0502 5.6
      vertex 15.17 12.9 5.6
    endloop
  endfacet
  facet normal 0 0 1
    outer loop
      vertex 16.1854 12.0502 5.6
      vertex 15.0482 12.2877 5.6
      vertex 15.7948 11.2836 5.6
    endloop
  endfacet
  facet normal 0 0 1
    outer loop
      vertex 16.1854 13.7498 5.6
      vertex 15.0482 13.5123 5.6
      vertex 15.17 12.9 5.6
    endloop
  endfacet
  facet normal 0 0 1
    outer loop
      vertex 15.7948 14.5164 5.6
      vertex 14.7014 14.0314 5.6
      vertex 15.0482 13.5123 5.6
    endloop
  endfacet
  facet normal 0 0 1
    outer loop
      vertex 14.1823 14.3782 5.6
      vertex 15.1864 15.1248 5.6
      vertex 14.4198 15.5154 5.6
    endloop
  endfacet
  facet normal 0 0 1
    outer loop
      vertex 15.1864 15.1248 5.6
      vertex 14.1823 14.3782 5.6
      vertex 14.7014 14.0314 5.6
    endloop
  endfacet
  facet normal 0 0 1
    outer loop
      vertex 13.57 14.5 5.6
      vertex 14.4198 15.5154 5.6
      vertex 13.57 15.65 5.6
    endloop
  endfacet
  facet normal 0 0 1
    outer loop
      vertex 14.4198 15.5154 5.6
      vertex 13.57 14.5 5.6
      vertex 14.1823 14.3782 5.6
    endloop
  endfacet
  facet normal -0 0 1
    outer loop
      vertex 12.7202 15.5154 5.6
      vertex 13.57 14.5 5.6
      vertex 13.57 15.65 5.6
    endloop
  endfacet
  facet normal 0 0 1
    outer loop
      vertex 13.57 14.5 5.6
      vertex 12.7202 15.5154 5.6
      vertex 12.9577 14.3782 5.6
    endloop
  endfacet
  facet normal -0 0 1
    outer loop
      vertex 11.9536 15.1248 5.6
      vertex 12.9577 14.3782 5.6
      vertex 12.7202 15.5154 5.6
    endloop
  endfacet
  facet normal 0 0 1
    outer loop
      vertex 12.9577 14.3782 5.6
      vertex 11.9536 15.1248 5.6
      vertex 12.4386 14.0314 5.6
    endloop
  endfacet
  facet normal 0 0 1
    outer loop
      vertex 12.4386 14.0314 5.6
      vertex 11.3452 14.5164 5.6
      vertex 12.0918 13.5123 5.6
    endloop
  endfacet
  facet normal -0 0 1
    outer loop
      vertex 11.3452 14.5164 5.6
      vertex 12.4386 14.0314 5.6
      vertex 11.9536 15.1248 5.6
    endloop
  endfacet
  facet normal -0 0 1
    outer loop
      vertex 14.7014 11.7686 5.6
      vertex 15.7948 11.2836 5.6
      vertex 15.0482 12.2877 5.6
    endloop
  endfacet
  facet normal 0 0 1
    outer loop
      vertex 15.7948 11.2836 5.6
      vertex 14.7014 11.7686 5.6
      vertex 15.1864 10.6752 5.6
    endloop
  endfacet
  facet normal -0 0 1
    outer loop
      vertex 14.1823 11.4218 5.6
      vertex 15.1864 10.6752 5.6
      vertex 14.7014 11.7686 5.6
    endloop
  endfacet
  facet normal 0 0 1
    outer loop
      vertex 15.1864 10.6752 5.6
      vertex 14.1823 11.4218 5.6
      vertex 14.4198 10.2846 5.6
    endloop
  endfacet
  facet normal -0 0 1
    outer loop
      vertex 13.57 11.3 5.6
      vertex 14.4198 10.2846 5.6
      vertex 14.1823 11.4218 5.6
    endloop
  endfacet
  facet normal 0 0 1
    outer loop
      vertex 13.57 11.3 5.6
      vertex 13.57 10.15 5.6
      vertex 14.4198 10.2846 5.6
    endloop
  endfacet
  facet normal 0 0 1
    outer loop
      vertex 12.7202 10.2846 5.6
      vertex 13.57 11.3 5.6
      vertex 12.9577 11.4218 5.6
    endloop
  endfacet
  facet normal 0 0 1
    outer loop
      vertex 13.57 11.3 5.6
      vertex 12.7202 10.2846 5.6
      vertex 13.57 10.15 5.6
    endloop
  endfacet
  facet normal 0 0 1
    outer loop
      vertex 11.9536 10.6752 5.6
      vertex 12.9577 11.4218 5.6
      vertex 12.4386 11.7686 5.6
    endloop
  endfacet
  facet normal 0 0 1
    outer loop
      vertex 11.3452 11.2836 5.6
      vertex 12.4386 11.7686 5.6
      vertex 12.0918 12.2877 5.6
    endloop
  endfacet
  facet normal 0 0 1
    outer loop
      vertex 12.9577 11.4218 5.6
      vertex 11.9536 10.6752 5.6
      vertex 12.7202 10.2846 5.6
    endloop
  endfacet
  facet normal 0 0 1
    outer loop
      vertex 10.9546 12.0502 5.6
      vertex 12.0918 12.2877 5.6
      vertex 11.97 12.9 5.6
    endloop
  endfacet
  facet normal -0 0 1
    outer loop
      vertex 10.9546 13.7498 5.6
      vertex 12.0918 13.5123 5.6
      vertex 11.3452 14.5164 5.6
    endloop
  endfacet
  facet normal 0 0 1
    outer loop
      vertex 12.0918 13.5123 5.6
      vertex 10.9546 13.7498 5.6
      vertex 11.97 12.9 5.6
    endloop
  endfacet
  facet normal 0 0 1
    outer loop
      vertex 12.4386 11.7686 5.6
      vertex 11.3452 11.2836 5.6
      vertex 11.9536 10.6752 5.6
    endloop
  endfacet
  facet normal 0 0 1
    outer loop
      vertex 10.82 12.9 5.6
      vertex 11.97 12.9 5.6
      vertex 10.9546 13.7498 5.6
    endloop
  endfacet
  facet normal 0 0 1
    outer loop
      vertex 12.0918 12.2877 5.6
      vertex 10.9546 12.0502 5.6
      vertex 11.3452 11.2836 5.6
    endloop
  endfacet
  facet normal 0 0 1
    outer loop
      vertex 11.97 12.9 5.6
      vertex 10.82 12.9 5.6
      vertex 10.9546 12.0502 5.6
    endloop
  endfacet
  facet normal -0.831508 -0.555513 0
    outer loop
      vertex 15.0482 13.5123 1.6
      vertex 14.7014 14.0314 5.6
      vertex 14.7014 14.0314 1.6
    endloop
  endfacet
  facet normal -0.831508 -0.555513 0
    outer loop
      vertex 14.7014 14.0314 5.6
      vertex 15.0482 13.5123 1.6
      vertex 15.0482 13.5123 5.6
    endloop
  endfacet
  facet normal -0.980783 -0.1951 0
    outer loop
      vertex 15.17 12.9 1.6
      vertex 15.0482 13.5123 5.6
      vertex 15.0482 13.5123 1.6
    endloop
  endfacet
  facet normal -0.980783 -0.1951 0
    outer loop
      vertex 15.0482 13.5123 5.6
      vertex 15.17 12.9 1.6
      vertex 15.17 12.9 5.6
    endloop
  endfacet
  facet normal 0.980783 -0.1951 0
    outer loop
      vertex 11.97 12.9 5.6
      vertex 12.0918 13.5123 1.6
      vertex 12.0918 13.5123 5.6
    endloop
  endfacet
  facet normal 0.980783 -0.1951 0
    outer loop
      vertex 12.0918 13.5123 1.6
      vertex 11.97 12.9 5.6
      vertex 11.97 12.9 1.6
    endloop
  endfacet
  facet normal 0.980783 0.1951 0
    outer loop
      vertex 12.0918 12.2877 5.6
      vertex 11.97 12.9 1.6
      vertex 11.97 12.9 5.6
    endloop
  endfacet
  facet normal 0.980783 0.1951 0
    outer loop
      vertex 11.97 12.9 1.6
      vertex 12.0918 12.2877 5.6
      vertex 12.0918 12.2877 1.6
    endloop
  endfacet
  facet normal 0.1951 -0.980783 0
    outer loop
      vertex 12.9577 14.3782 1.6
      vertex 13.57 14.5 5.6
      vertex 12.9577 14.3782 5.6
    endloop
  endfacet
  facet normal 0.1951 -0.980783 0
    outer loop
      vertex 13.57 14.5 5.6
      vertex 12.9577 14.3782 1.6
      vertex 13.57 14.5 1.6
    endloop
  endfacet
  facet normal 0.831508 0.555513 0
    outer loop
      vertex 12.4386 11.7686 5.6
      vertex 12.0918 12.2877 1.6
      vertex 12.0918 12.2877 5.6
    endloop
  endfacet
  facet normal 0.831508 0.555513 0
    outer loop
      vertex 12.0918 12.2877 1.6
      vertex 12.4386 11.7686 5.6
      vertex 12.4386 11.7686 1.6
    endloop
  endfacet
  facet normal -0.1951 0.980783 0
    outer loop
      vertex 14.1823 11.4218 1.6
      vertex 13.57 11.3 5.6
      vertex 14.1823 11.4218 5.6
    endloop
  endfacet
  facet normal -0.1951 0.980783 0
    outer loop
      vertex 13.57 11.3 5.6
      vertex 14.1823 11.4218 1.6
      vertex 13.57 11.3 1.6
    endloop
  endfacet
  facet normal -0.831508 0.555513 0
    outer loop
      vertex 14.7014 11.7686 1.6
      vertex 15.0482 12.2877 5.6
      vertex 15.0482 12.2877 1.6
    endloop
  endfacet
  facet normal -0.831508 0.555513 0
    outer loop
      vertex 15.0482 12.2877 5.6
      vertex 14.7014 11.7686 1.6
      vertex 14.7014 11.7686 5.6
    endloop
  endfacet
  facet normal -0.555513 -0.831508 0
    outer loop
      vertex 14.1823 14.3782 1.6
      vertex 14.7014 14.0314 5.6
      vertex 14.1823 14.3782 5.6
    endloop
  endfacet
  facet normal -0.555513 -0.831508 -0
    outer loop
      vertex 14.7014 14.0314 5.6
      vertex 14.1823 14.3782 1.6
      vertex 14.7014 14.0314 1.6
    endloop
  endfacet
  facet normal -0.980783 0.1951 0
    outer loop
      vertex 15.0482 12.2877 1.6
      vertex 15.17 12.9 5.6
      vertex 15.17 12.9 1.6
    endloop
  endfacet
  facet normal -0.980783 0.1951 0
    outer loop
      vertex 15.17 12.9 5.6
      vertex 15.0482 12.2877 1.6
      vertex 15.0482 12.2877 5.6
    endloop
  endfacet
  facet normal 0.831508 -0.555513 0
    outer loop
      vertex 12.0918 13.5123 5.6
      vertex 12.4386 14.0314 1.6
      vertex 12.4386 14.0314 5.6
    endloop
  endfacet
  facet normal 0.831508 -0.555513 0
    outer loop
      vertex 12.4386 14.0314 1.6
      vertex 12.0918 13.5123 5.6
      vertex 12.0918 13.5123 1.6
    endloop
  endfacet
  facet normal -0.555513 0.831508 0
    outer loop
      vertex 14.7014 11.7686 1.6
      vertex 14.1823 11.4218 5.6
      vertex 14.7014 11.7686 5.6
    endloop
  endfacet
  facet normal -0.555513 0.831508 0
    outer loop
      vertex 14.1823 11.4218 5.6
      vertex 14.7014 11.7686 1.6
      vertex 14.1823 11.4218 1.6
    endloop
  endfacet
  facet normal -0.1951 -0.980783 0
    outer loop
      vertex 13.57 14.5 1.6
      vertex 14.1823 14.3782 5.6
      vertex 13.57 14.5 5.6
    endloop
  endfacet
  facet normal -0.1951 -0.980783 -0
    outer loop
      vertex 14.1823 14.3782 5.6
      vertex 13.57 14.5 1.6
      vertex 14.1823 14.3782 1.6
    endloop
  endfacet
  facet normal 0.555513 -0.831508 0
    outer loop
      vertex 12.4386 14.0314 1.6
      vertex 12.9577 14.3782 5.6
      vertex 12.4386 14.0314 5.6
    endloop
  endfacet
  facet normal 0.555513 -0.831508 0
    outer loop
      vertex 12.9577 14.3782 5.6
      vertex 12.4386 14.0314 1.6
      vertex 12.9577 14.3782 1.6
    endloop
  endfacet
  facet normal 0.1951 0.980783 -0
    outer loop
      vertex 13.57 11.3 1.6
      vertex 12.9577 11.4218 5.6
      vertex 13.57 11.3 5.6
    endloop
  endfacet
  facet normal 0.1951 0.980783 0
    outer loop
      vertex 12.9577 11.4218 5.6
      vertex 13.57 11.3 1.6
      vertex 12.9577 11.4218 1.6
    endloop
  endfacet
  facet normal 0.555513 0.831508 -0
    outer loop
      vertex 12.9577 11.4218 1.6
      vertex 12.4386 11.7686 5.6
      vertex 12.9577 11.4218 5.6
    endloop
  endfacet
  facet normal 0.555513 0.831508 0
    outer loop
      vertex 12.4386 11.7686 5.6
      vertex 12.9577 11.4218 1.6
      vertex 12.4386 11.7686 1.6
    endloop
  endfacet
  facet normal 0.987682 0.156473 0
    outer loop
      vertex 33.9654 13.7498 5.6
      vertex 34 13.5314 3.6
      vertex 33.9654 13.7498 1.6
    endloop
  endfacet
  facet normal 0.987687 0.15644 3.74247e-06
    outer loop
      vertex 34.1 12.9 5.6
      vertex 34 13.5314 3.6
      vertex 33.9654 13.7498 5.6
    endloop
  endfacet
  facet normal 0.987689 0.156428 0
    outer loop
      vertex 34 13.5314 3.6
      vertex 34.1 12.9 5.6
      vertex 34.1 12.9 3.6
    endloop
  endfacet
  facet normal 0.987682 0.156473 0
    outer loop
      vertex 33.9654 13.7498 1.6
      vertex 34 13.5314 3.6
      vertex 34 13.5314 1.6
    endloop
  endfacet
  facet normal -0.453988 -0.891008 0
    outer loop
      vertex 29.7336 10.6752 1.6
      vertex 30.5002 10.2846 5.6
      vertex 29.7336 10.6752 5.6
    endloop
  endfacet
  facet normal -0.453988 -0.891008 -0
    outer loop
      vertex 30.5002 10.2846 5.6
      vertex 29.7336 10.6752 1.6
      vertex 30.5002 10.2846 1.6
    endloop
  endfacet
  facet normal -0.707107 0.707107 0
    outer loop
      vertex 29.1252 14.5164 1.6
      vertex 29.7336 15.1248 5.6
      vertex 29.7336 15.1248 1.6
    endloop
  endfacet
  facet normal -0.707107 0.707107 0
    outer loop
      vertex 29.7336 15.1248 5.6
      vertex 29.1252 14.5164 1.6
      vertex 29.1252 14.5164 5.6
    endloop
  endfacet
  facet normal 0 0 -1
    outer loop
      vertex 32.8282 12.2877 1.6
      vertex 34 12.2686 1.6
      vertex 33.9654 12.0502 1.6
    endloop
  endfacet
  facet normal 0 0 -1
    outer loop
      vertex 34 12.2686 1.6
      vertex 32.95 12.9 1.6
      vertex 34 13.5314 1.6
    endloop
  endfacet
  facet normal 0 0 -1
    outer loop
      vertex 32.8282 12.2877 1.6
      vertex 33.9654 12.0502 1.6
      vertex 33.5748 11.2836 1.6
    endloop
  endfacet
  facet normal 0 0 -1
    outer loop
      vertex 32.8282 13.5123 1.6
      vertex 34 13.5314 1.6
      vertex 32.95 12.9 1.6
    endloop
  endfacet
  facet normal 0 0 -1
    outer loop
      vertex 32.4814 11.7686 1.6
      vertex 33.5748 11.2836 1.6
      vertex 32.9664 10.6752 1.6
    endloop
  endfacet
  facet normal -0 0 -1
    outer loop
      vertex 34 13.5314 1.6
      vertex 32.8282 13.5123 1.6
      vertex 33.9654 13.7498 1.6
    endloop
  endfacet
  facet normal -0 0 -1
    outer loop
      vertex 33.9654 13.7498 1.6
      vertex 32.8282 13.5123 1.6
      vertex 33.5748 14.5164 1.6
    endloop
  endfacet
  facet normal 0 0 -1
    outer loop
      vertex 34 12.2686 1.6
      vertex 32.8282 12.2877 1.6
      vertex 32.95 12.9 1.6
    endloop
  endfacet
  facet normal 0 0 -1
    outer loop
      vertex 33.5748 11.2836 1.6
      vertex 32.4814 11.7686 1.6
      vertex 32.8282 12.2877 1.6
    endloop
  endfacet
  facet normal 0 0 -1
    outer loop
      vertex 31.9623 11.4218 1.6
      vertex 32.9664 10.6752 1.6
      vertex 32.1998 10.2846 1.6
    endloop
  endfacet
  facet normal 0 0 -1
    outer loop
      vertex 32.9664 10.6752 1.6
      vertex 31.9623 11.4218 1.6
      vertex 32.4814 11.7686 1.6
    endloop
  endfacet
  facet normal 0 0 -1
    outer loop
      vertex 31.35 11.3 1.6
      vertex 32.1998 10.2846 1.6
      vertex 31.35 10.15 1.6
    endloop
  endfacet
  facet normal 0 0 -1
    outer loop
      vertex 32.1998 10.2846 1.6
      vertex 31.35 11.3 1.6
      vertex 31.9623 11.4218 1.6
    endloop
  endfacet
  facet normal 0 0 -1
    outer loop
      vertex 30.5002 10.2846 1.6
      vertex 31.35 11.3 1.6
      vertex 31.35 10.15 1.6
    endloop
  endfacet
  facet normal -0 0 -1
    outer loop
      vertex 31.35 11.3 1.6
      vertex 30.5002 10.2846 1.6
      vertex 30.7377 11.4218 1.6
    endloop
  endfacet
  facet normal 0 0 -1
    outer loop
      vertex 29.7336 10.6752 1.6
      vertex 30.7377 11.4218 1.6
      vertex 30.5002 10.2846 1.6
    endloop
  endfacet
  facet normal -0 0 -1
    outer loop
      vertex 30.7377 11.4218 1.6
      vertex 29.7336 10.6752 1.6
      vertex 30.2186 11.7686 1.6
    endloop
  endfacet
  facet normal -0 0 -1
    outer loop
      vertex 30.2186 11.7686 1.6
      vertex 29.1252 11.2836 1.6
      vertex 29.8718 12.2877 1.6
    endloop
  endfacet
  facet normal 0 0 -1
    outer loop
      vertex 29.1252 11.2836 1.6
      vertex 30.2186 11.7686 1.6
      vertex 29.7336 10.6752 1.6
    endloop
  endfacet
  facet normal 0 0 -1
    outer loop
      vertex 32.4814 14.0314 1.6
      vertex 33.5748 14.5164 1.6
      vertex 32.8282 13.5123 1.6
    endloop
  endfacet
  facet normal -0 0 -1
    outer loop
      vertex 33.5748 14.5164 1.6
      vertex 32.4814 14.0314 1.6
      vertex 32.9664 15.1248 1.6
    endloop
  endfacet
  facet normal 0 0 -1
    outer loop
      vertex 31.9623 14.3782 1.6
      vertex 32.9664 15.1248 1.6
      vertex 32.4814 14.0314 1.6
    endloop
  endfacet
  facet normal -0 0 -1
    outer loop
      vertex 32.9664 15.1248 1.6
      vertex 31.9623 14.3782 1.6
      vertex 32.1998 15.5154 1.6
    endloop
  endfacet
  facet normal 0 0 -1
    outer loop
      vertex 31.35 14.5 1.6
      vertex 32.1998 15.5154 1.6
      vertex 31.9623 14.3782 1.6
    endloop
  endfacet
  facet normal 0 0 -1
    outer loop
      vertex 31.35 14.5 1.6
      vertex 31.35 15.65 1.6
      vertex 32.1998 15.5154 1.6
    endloop
  endfacet
  facet normal 0 0 -1
    outer loop
      vertex 30.5002 15.5154 1.6
      vertex 31.35 14.5 1.6
      vertex 30.7377 14.3782 1.6
    endloop
  endfacet
  facet normal 0 0 -1
    outer loop
      vertex 31.35 14.5 1.6
      vertex 30.5002 15.5154 1.6
      vertex 31.35 15.65 1.6
    endloop
  endfacet
  facet normal 0 0 -1
    outer loop
      vertex 29.7336 15.1248 1.6
      vertex 30.7377 14.3782 1.6
      vertex 30.2186 14.0314 1.6
    endloop
  endfacet
  facet normal 0 0 -1
    outer loop
      vertex 29.1252 14.5164 1.6
      vertex 30.2186 14.0314 1.6
      vertex 29.8718 13.5123 1.6
    endloop
  endfacet
  facet normal 0 0 -1
    outer loop
      vertex 30.7377 14.3782 1.6
      vertex 29.7336 15.1248 1.6
      vertex 30.5002 15.5154 1.6
    endloop
  endfacet
  facet normal 0 0 -1
    outer loop
      vertex 28.7346 13.7498 1.6
      vertex 29.8718 13.5123 1.6
      vertex 29.75 12.9 1.6
    endloop
  endfacet
  facet normal 0 0 -1
    outer loop
      vertex 28.7346 12.0502 1.6
      vertex 29.8718 12.2877 1.6
      vertex 29.1252 11.2836 1.6
    endloop
  endfacet
  facet normal -0 0 -1
    outer loop
      vertex 29.8718 12.2877 1.6
      vertex 28.7346 12.0502 1.6
      vertex 29.75 12.9 1.6
    endloop
  endfacet
  facet normal 0 0 -1
    outer loop
      vertex 30.2186 14.0314 1.6
      vertex 29.1252 14.5164 1.6
      vertex 29.7336 15.1248 1.6
    endloop
  endfacet
  facet normal 0 0 -1
    outer loop
      vertex 28.6 12.9 1.6
      vertex 29.75 12.9 1.6
      vertex 28.7346 12.0502 1.6
    endloop
  endfacet
  facet normal 0 0 -1
    outer loop
      vertex 29.8718 13.5123 1.6
      vertex 28.7346 13.7498 1.6
      vertex 29.1252 14.5164 1.6
    endloop
  endfacet
  facet normal 0 0 -1
    outer loop
      vertex 29.75 12.9 1.6
      vertex 28.6 12.9 1.6
      vertex 28.7346 13.7498 1.6
    endloop
  endfacet
  facet normal 0.891008 0.453988 0
    outer loop
      vertex 33.9654 13.7498 5.6
      vertex 33.5748 14.5164 1.6
      vertex 33.5748 14.5164 5.6
    endloop
  endfacet
  facet normal 0.891008 0.453988 0
    outer loop
      vertex 33.5748 14.5164 1.6
      vertex 33.9654 13.7498 5.6
      vertex 33.9654 13.7498 1.6
    endloop
  endfacet
  facet normal 0.707107 -0.707107 0
    outer loop
      vertex 32.9664 10.6752 5.6
      vertex 33.5748 11.2836 1.6
      vertex 33.5748 11.2836 5.6
    endloop
  endfacet
  facet normal 0.707107 -0.707107 0
    outer loop
      vertex 33.5748 11.2836 1.6
      vertex 32.9664 10.6752 5.6
      vertex 32.9664 10.6752 1.6
    endloop
  endfacet
  facet normal 0.15644 -0.987687 0
    outer loop
      vertex 31.35 10.15 1.6
      vertex 32.1998 10.2846 5.6
      vertex 31.35 10.15 5.6
    endloop
  endfacet
  facet normal 0.15644 -0.987687 0
    outer loop
      vertex 32.1998 10.2846 5.6
      vertex 31.35 10.15 1.6
      vertex 32.1998 10.2846 1.6
    endloop
  endfacet
  facet normal 0.707107 0.707107 0
    outer loop
      vertex 33.5748 14.5164 5.6
      vertex 32.9664 15.1248 1.6
      vertex 32.9664 15.1248 5.6
    endloop
  endfacet
  facet normal 0.707107 0.707107 0
    outer loop
      vertex 32.9664 15.1248 1.6
      vertex 33.5748 14.5164 5.6
      vertex 33.5748 14.5164 1.6
    endloop
  endfacet
  facet normal -0.987687 -0.15644 0
    outer loop
      vertex 28.7346 12.0502 1.6
      vertex 28.6 12.9 5.6
      vertex 28.6 12.9 1.6
    endloop
  endfacet
  facet normal -0.987687 -0.15644 0
    outer loop
      vertex 28.6 12.9 5.6
      vertex 28.7346 12.0502 1.6
      vertex 28.7346 12.0502 5.6
    endloop
  endfacet
  facet normal -0.707107 -0.707107 0
    outer loop
      vertex 29.7336 10.6752 1.6
      vertex 29.1252 11.2836 5.6
      vertex 29.1252 11.2836 1.6
    endloop
  endfacet
  facet normal -0.707107 -0.707107 0
    outer loop
      vertex 29.1252 11.2836 5.6
      vertex 29.7336 10.6752 1.6
      vertex 29.7336 10.6752 5.6
    endloop
  endfacet
  facet normal 0.453988 -0.891008 0
    outer loop
      vertex 32.1998 10.2846 1.6
      vertex 32.9664 10.6752 5.6
      vertex 32.1998 10.2846 5.6
    endloop
  endfacet
  facet normal 0.453988 -0.891008 0
    outer loop
      vertex 32.9664 10.6752 5.6
      vertex 32.1998 10.2846 1.6
      vertex 32.9664 10.6752 1.6
    endloop
  endfacet
  facet normal 0.453988 0.891008 -0
    outer loop
      vertex 32.9664 15.1248 1.6
      vertex 32.1998 15.5154 5.6
      vertex 32.9664 15.1248 5.6
    endloop
  endfacet
  facet normal 0.453988 0.891008 0
    outer loop
      vertex 32.1998 15.5154 5.6
      vertex 32.9664 15.1248 1.6
      vertex 32.1998 15.5154 1.6
    endloop
  endfacet
  facet normal -0.15644 0.987687 0
    outer loop
      vertex 31.35 15.65 1.6
      vertex 30.5002 15.5154 5.6
      vertex 31.35 15.65 5.6
    endloop
  endfacet
  facet normal -0.15644 0.987687 0
    outer loop
      vertex 30.5002 15.5154 5.6
      vertex 31.35 15.65 1.6
      vertex 30.5002 15.5154 1.6
    endloop
  endfacet
  facet normal 0.15644 0.987687 -0
    outer loop
      vertex 32.1998 15.5154 1.6
      vertex 31.35 15.65 5.6
      vertex 32.1998 15.5154 5.6
    endloop
  endfacet
  facet normal 0.15644 0.987687 0
    outer loop
      vertex 31.35 15.65 5.6
      vertex 32.1998 15.5154 1.6
      vertex 31.35 15.65 1.6
    endloop
  endfacet
  facet normal -0.15644 -0.987687 0
    outer loop
      vertex 30.5002 10.2846 1.6
      vertex 31.35 10.15 5.6
      vertex 30.5002 10.2846 5.6
    endloop
  endfacet
  facet normal -0.15644 -0.987687 -0
    outer loop
      vertex 31.35 10.15 5.6
      vertex 30.5002 10.2846 1.6
      vertex 31.35 10.15 1.6
    endloop
  endfacet
  facet normal -0.453988 0.891008 0
    outer loop
      vertex 30.5002 15.5154 1.6
      vertex 29.7336 15.1248 5.6
      vertex 30.5002 15.5154 5.6
    endloop
  endfacet
  facet normal -0.453988 0.891008 0
    outer loop
      vertex 29.7336 15.1248 5.6
      vertex 30.5002 15.5154 1.6
      vertex 29.7336 15.1248 1.6
    endloop
  endfacet
  facet normal -0.891008 -0.453988 0
    outer loop
      vertex 29.1252 11.2836 1.6
      vertex 28.7346 12.0502 5.6
      vertex 28.7346 12.0502 1.6
    endloop
  endfacet
  facet normal -0.891008 -0.453988 0
    outer loop
      vertex 28.7346 12.0502 5.6
      vertex 29.1252 11.2836 1.6
      vertex 29.1252 11.2836 5.6
    endloop
  endfacet
  facet normal -0.987687 0.15644 0
    outer loop
      vertex 28.6 12.9 1.6
      vertex 28.7346 13.7498 5.6
      vertex 28.7346 13.7498 1.6
    endloop
  endfacet
  facet normal -0.987687 0.15644 0
    outer loop
      vertex 28.7346 13.7498 5.6
      vertex 28.6 12.9 1.6
      vertex 28.6 12.9 5.6
    endloop
  endfacet
  facet normal -0.891008 0.453988 0
    outer loop
      vertex 28.7346 13.7498 1.6
      vertex 29.1252 14.5164 5.6
      vertex 29.1252 14.5164 1.6
    endloop
  endfacet
  facet normal -0.891008 0.453988 0
    outer loop
      vertex 29.1252 14.5164 5.6
      vertex 28.7346 13.7498 1.6
      vertex 28.7346 13.7498 5.6
    endloop
  endfacet
  facet normal 0.891008 -0.453988 0
    outer loop
      vertex 33.5748 11.2836 5.6
      vertex 33.9654 12.0502 1.6
      vertex 33.9654 12.0502 5.6
    endloop
  endfacet
  facet normal 0.891008 -0.453988 0
    outer loop
      vertex 33.9654 12.0502 1.6
      vertex 33.5748 11.2836 5.6
      vertex 33.5748 11.2836 1.6
    endloop
  endfacet
  facet normal 0.987689 -0.156428 0
    outer loop
      vertex 34.1 12.9 5.6
      vertex 34 12.2686 3.6
      vertex 34.1 12.9 3.6
    endloop
  endfacet
  facet normal 0.987687 -0.15644 3.74247e-06
    outer loop
      vertex 33.9654 12.0502 5.6
      vertex 34 12.2686 3.6
      vertex 34.1 12.9 5.6
    endloop
  endfacet
  facet normal 0.987682 -0.156473 0
    outer loop
      vertex 33.9654 12.0502 1.6
      vertex 34 12.2686 3.6
      vertex 33.9654 12.0502 5.6
    endloop
  endfacet
  facet normal 0.987682 -0.156473 0
    outer loop
      vertex 34 12.2686 3.6
      vertex 33.9654 12.0502 1.6
      vertex 34 12.2686 1.6
    endloop
  endfacet
  facet normal 0 0 1
    outer loop
      vertex 32.95 12.9 5.6
      vertex 34.1 12.9 5.6
      vertex 33.9654 13.7498 5.6
    endloop
  endfacet
  facet normal 0 0 1
    outer loop
      vertex 32.8282 13.5123 5.6
      vertex 33.9654 13.7498 5.6
      vertex 33.5748 14.5164 5.6
    endloop
  endfacet
  facet normal 0 0 1
    outer loop
      vertex 34.1 12.9 5.6
      vertex 32.95 12.9 5.6
      vertex 33.9654 12.0502 5.6
    endloop
  endfacet
  facet normal 0 0 1
    outer loop
      vertex 32.4814 14.0314 5.6
      vertex 33.5748 14.5164 5.6
      vertex 32.9664 15.1248 5.6
    endloop
  endfacet
  facet normal -0 0 1
    outer loop
      vertex 32.8282 12.2877 5.6
      vertex 33.9654 12.0502 5.6
      vertex 32.95 12.9 5.6
    endloop
  endfacet
  facet normal 0 0 1
    outer loop
      vertex 33.9654 12.0502 5.6
      vertex 32.8282 12.2877 5.6
      vertex 33.5748 11.2836 5.6
    endloop
  endfacet
  facet normal 0 0 1
    outer loop
      vertex 33.9654 13.7498 5.6
      vertex 32.8282 13.5123 5.6
      vertex 32.95 12.9 5.6
    endloop
  endfacet
  facet normal 0 0 1
    outer loop
      vertex 33.5748 14.5164 5.6
      vertex 32.4814 14.0314 5.6
      vertex 32.8282 13.5123 5.6
    endloop
  endfacet
  facet normal 0 0 1
    outer loop
      vertex 31.9623 14.3782 5.6
      vertex 32.9664 15.1248 5.6
      vertex 32.1998 15.5154 5.6
    endloop
  endfacet
  facet normal 0 0 1
    outer loop
      vertex 32.9664 15.1248 5.6
      vertex 31.9623 14.3782 5.6
      vertex 32.4814 14.0314 5.6
    endloop
  endfacet
  facet normal 0 0 1
    outer loop
      vertex 31.35 14.5 5.6
      vertex 32.1998 15.5154 5.6
      vertex 31.35 15.65 5.6
    endloop
  endfacet
  facet normal 0 0 1
    outer loop
      vertex 32.1998 15.5154 5.6
      vertex 31.35 14.5 5.6
      vertex 31.9623 14.3782 5.6
    endloop
  endfacet
  facet normal -0 0 1
    outer loop
      vertex 30.5002 15.5154 5.6
      vertex 31.35 14.5 5.6
      vertex 31.35 15.65 5.6
    endloop
  endfacet
  facet normal 0 0 1
    outer loop
      vertex 31.35 14.5 5.6
      vertex 30.5002 15.5154 5.6
      vertex 30.7377 14.3782 5.6
    endloop
  endfacet
  facet normal -0 0 1
    outer loop
      vertex 29.7336 15.1248 5.6
      vertex 30.7377 14.3782 5.6
      vertex 30.5002 15.5154 5.6
    endloop
  endfacet
  facet normal 0 0 1
    outer loop
      vertex 30.7377 14.3782 5.6
      vertex 29.7336 15.1248 5.6
      vertex 30.2186 14.0314 5.6
    endloop
  endfacet
  facet normal 0 0 1
    outer loop
      vertex 30.2186 14.0314 5.6
      vertex 29.1252 14.5164 5.6
      vertex 29.8718 13.5123 5.6
    endloop
  endfacet
  facet normal -0 0 1
    outer loop
      vertex 29.1252 14.5164 5.6
      vertex 30.2186 14.0314 5.6
      vertex 29.7336 15.1248 5.6
    endloop
  endfacet
  facet normal -0 0 1
    outer loop
      vertex 32.4814 11.7686 5.6
      vertex 33.5748 11.2836 5.6
      vertex 32.8282 12.2877 5.6
    endloop
  endfacet
  facet normal 0 0 1
    outer loop
      vertex 33.5748 11.2836 5.6
      vertex 32.4814 11.7686 5.6
      vertex 32.9664 10.6752 5.6
    endloop
  endfacet
  facet normal -0 0 1
    outer loop
      vertex 31.9623 11.4218 5.6
      vertex 32.9664 10.6752 5.6
      vertex 32.4814 11.7686 5.6
    endloop
  endfacet
  facet normal 0 0 1
    outer loop
      vertex 32.9664 10.6752 5.6
      vertex 31.9623 11.4218 5.6
      vertex 32.1998 10.2846 5.6
    endloop
  endfacet
  facet normal -0 0 1
    outer loop
      vertex 31.35 11.3 5.6
      vertex 32.1998 10.2846 5.6
      vertex 31.9623 11.4218 5.6
    endloop
  endfacet
  facet normal 0 0 1
    outer loop
      vertex 31.35 11.3 5.6
      vertex 31.35 10.15 5.6
      vertex 32.1998 10.2846 5.6
    endloop
  endfacet
  facet normal 0 0 1
    outer loop
      vertex 30.5002 10.2846 5.6
      vertex 31.35 11.3 5.6
      vertex 30.7377 11.4218 5.6
    endloop
  endfacet
  facet normal 0 0 1
    outer loop
      vertex 31.35 11.3 5.6
      vertex 30.5002 10.2846 5.6
      vertex 31.35 10.15 5.6
    endloop
  endfacet
  facet normal 0 0 1
    outer loop
      vertex 29.7336 10.6752 5.6
      vertex 30.7377 11.4218 5.6
      vertex 30.2186 11.7686 5.6
    endloop
  endfacet
  facet normal 0 0 1
    outer loop
      vertex 29.1252 11.2836 5.6
      vertex 30.2186 11.7686 5.6
      vertex 29.8718 12.2877 5.6
    endloop
  endfacet
  facet normal 0 0 1
    outer loop
      vertex 30.7377 11.4218 5.6
      vertex 29.7336 10.6752 5.6
      vertex 30.5002 10.2846 5.6
    endloop
  endfacet
  facet normal 0 0 1
    outer loop
      vertex 28.7346 12.0502 5.6
      vertex 29.8718 12.2877 5.6
      vertex 29.75 12.9 5.6
    endloop
  endfacet
  facet normal -0 0 1
    outer loop
      vertex 28.7346 13.7498 5.6
      vertex 29.8718 13.5123 5.6
      vertex 29.1252 14.5164 5.6
    endloop
  endfacet
  facet normal 0 0 1
    outer loop
      vertex 29.8718 13.5123 5.6
      vertex 28.7346 13.7498 5.6
      vertex 29.75 12.9 5.6
    endloop
  endfacet
  facet normal 0 0 1
    outer loop
      vertex 30.2186 11.7686 5.6
      vertex 29.1252 11.2836 5.6
      vertex 29.7336 10.6752 5.6
    endloop
  endfacet
  facet normal 0 0 1
    outer loop
      vertex 28.6 12.9 5.6
      vertex 29.75 12.9 5.6
      vertex 28.7346 13.7498 5.6
    endloop
  endfacet
  facet normal 0 0 1
    outer loop
      vertex 29.8718 12.2877 5.6
      vertex 28.7346 12.0502 5.6
      vertex 29.1252 11.2836 5.6
    endloop
  endfacet
  facet normal 0 0 1
    outer loop
      vertex 29.75 12.9 5.6
      vertex 28.6 12.9 5.6
      vertex 28.7346 12.0502 5.6
    endloop
  endfacet
  facet normal -0.831508 -0.555513 0
    outer loop
      vertex 32.8282 13.5123 1.6
      vertex 32.4814 14.0314 5.6
      vertex 32.4814 14.0314 1.6
    endloop
  endfacet
  facet normal -0.831508 -0.555513 0
    outer loop
      vertex 32.4814 14.0314 5.6
      vertex 32.8282 13.5123 1.6
      vertex 32.8282 13.5123 5.6
    endloop
  endfacet
  facet normal -0.980783 -0.1951 0
    outer loop
      vertex 32.95 12.9 1.6
      vertex 32.8282 13.5123 5.6
      vertex 32.8282 13.5123 1.6
    endloop
  endfacet
  facet normal -0.980783 -0.1951 0
    outer loop
      vertex 32.8282 13.5123 5.6
      vertex 32.95 12.9 1.6
      vertex 32.95 12.9 5.6
    endloop
  endfacet
  facet normal 0.980783 -0.1951 0
    outer loop
      vertex 29.75 12.9 5.6
      vertex 29.8718 13.5123 1.6
      vertex 29.8718 13.5123 5.6
    endloop
  endfacet
  facet normal 0.980783 -0.1951 0
    outer loop
      vertex 29.8718 13.5123 1.6
      vertex 29.75 12.9 5.6
      vertex 29.75 12.9 1.6
    endloop
  endfacet
  facet normal 0.980783 0.1951 0
    outer loop
      vertex 29.8718 12.2877 5.6
      vertex 29.75 12.9 1.6
      vertex 29.75 12.9 5.6
    endloop
  endfacet
  facet normal 0.980783 0.1951 0
    outer loop
      vertex 29.75 12.9 1.6
      vertex 29.8718 12.2877 5.6
      vertex 29.8718 12.2877 1.6
    endloop
  endfacet
  facet normal 0.1951 -0.980783 0
    outer loop
      vertex 30.7377 14.3782 1.6
      vertex 31.35 14.5 5.6
      vertex 30.7377 14.3782 5.6
    endloop
  endfacet
  facet normal 0.1951 -0.980783 0
    outer loop
      vertex 31.35 14.5 5.6
      vertex 30.7377 14.3782 1.6
      vertex 31.35 14.5 1.6
    endloop
  endfacet
  facet normal 0.831508 0.555513 0
    outer loop
      vertex 30.2186 11.7686 5.6
      vertex 29.8718 12.2877 1.6
      vertex 29.8718 12.2877 5.6
    endloop
  endfacet
  facet normal 0.831508 0.555513 0
    outer loop
      vertex 29.8718 12.2877 1.6
      vertex 30.2186 11.7686 5.6
      vertex 30.2186 11.7686 1.6
    endloop
  endfacet
  facet normal -0.1951 0.980783 0
    outer loop
      vertex 31.9623 11.4218 1.6
      vertex 31.35 11.3 5.6
      vertex 31.9623 11.4218 5.6
    endloop
  endfacet
  facet normal -0.1951 0.980783 0
    outer loop
      vertex 31.35 11.3 5.6
      vertex 31.9623 11.4218 1.6
      vertex 31.35 11.3 1.6
    endloop
  endfacet
  facet normal -0.831508 0.555513 0
    outer loop
      vertex 32.4814 11.7686 1.6
      vertex 32.8282 12.2877 5.6
      vertex 32.8282 12.2877 1.6
    endloop
  endfacet
  facet normal -0.831508 0.555513 0
    outer loop
      vertex 32.8282 12.2877 5.6
      vertex 32.4814 11.7686 1.6
      vertex 32.4814 11.7686 5.6
    endloop
  endfacet
  facet normal -0.555513 -0.831508 0
    outer loop
      vertex 31.9623 14.3782 1.6
      vertex 32.4814 14.0314 5.6
      vertex 31.9623 14.3782 5.6
    endloop
  endfacet
  facet normal -0.555513 -0.831508 -0
    outer loop
      vertex 32.4814 14.0314 5.6
      vertex 31.9623 14.3782 1.6
      vertex 32.4814 14.0314 1.6
    endloop
  endfacet
  facet normal -0.980783 0.1951 0
    outer loop
      vertex 32.8282 12.2877 1.6
      vertex 32.95 12.9 5.6
      vertex 32.95 12.9 1.6
    endloop
  endfacet
  facet normal -0.980783 0.1951 0
    outer loop
      vertex 32.95 12.9 5.6
      vertex 32.8282 12.2877 1.6
      vertex 32.8282 12.2877 5.6
    endloop
  endfacet
  facet normal 0.831508 -0.555513 0
    outer loop
      vertex 29.8718 13.5123 5.6
      vertex 30.2186 14.0314 1.6
      vertex 30.2186 14.0314 5.6
    endloop
  endfacet
  facet normal 0.831508 -0.555513 0
    outer loop
      vertex 30.2186 14.0314 1.6
      vertex 29.8718 13.5123 5.6
      vertex 29.8718 13.5123 1.6
    endloop
  endfacet
  facet normal -0.555513 0.831508 0
    outer loop
      vertex 32.4814 11.7686 1.6
      vertex 31.9623 11.4218 5.6
      vertex 32.4814 11.7686 5.6
    endloop
  endfacet
  facet normal -0.555513 0.831508 0
    outer loop
      vertex 31.9623 11.4218 5.6
      vertex 32.4814 11.7686 1.6
      vertex 31.9623 11.4218 1.6
    endloop
  endfacet
  facet normal -0.1951 -0.980783 0
    outer loop
      vertex 31.35 14.5 1.6
      vertex 31.9623 14.3782 5.6
      vertex 31.35 14.5 5.6
    endloop
  endfacet
  facet normal -0.1951 -0.980783 -0
    outer loop
      vertex 31.9623 14.3782 5.6
      vertex 31.35 14.5 1.6
      vertex 31.9623 14.3782 1.6
    endloop
  endfacet
  facet normal 0.555513 -0.831508 0
    outer loop
      vertex 30.2186 14.0314 1.6
      vertex 30.7377 14.3782 5.6
      vertex 30.2186 14.0314 5.6
    endloop
  endfacet
  facet normal 0.555513 -0.831508 0
    outer loop
      vertex 30.7377 14.3782 5.6
      vertex 30.2186 14.0314 1.6
      vertex 30.7377 14.3782 1.6
    endloop
  endfacet
  facet normal 0.1951 0.980783 -0
    outer loop
      vertex 31.35 11.3 1.6
      vertex 30.7377 11.4218 5.6
      vertex 31.35 11.3 5.6
    endloop
  endfacet
  facet normal 0.1951 0.980783 0
    outer loop
      vertex 30.7377 11.4218 5.6
      vertex 31.35 11.3 1.6
      vertex 30.7377 11.4218 1.6
    endloop
  endfacet
  facet normal 0.555513 0.831508 -0
    outer loop
      vertex 30.7377 11.4218 1.6
      vertex 30.2186 11.7686 5.6
      vertex 30.7377 11.4218 5.6
    endloop
  endfacet
  facet normal 0.555513 0.831508 0
    outer loop
      vertex 30.2186 11.7686 5.6
      vertex 30.7377 11.4218 1.6
      vertex 30.2186 11.7686 1.6
    endloop
  endfacet
  facet normal 0.987687 0.15644 0
    outer loop
      vertex 16.32 29.41 5.6
      vertex 16.1854 30.2598 1.6
      vertex 16.1854 30.2598 5.6
    endloop
  endfacet
  facet normal 0.987687 0.15644 0
    outer loop
      vertex 16.1854 30.2598 1.6
      vertex 16.32 29.41 5.6
      vertex 16.32 29.41 1.6
    endloop
  endfacet
  facet normal -0.453988 -0.891008 0
    outer loop
      vertex 11.9536 27.1852 1.6
      vertex 12.7202 26.7946 5.6
      vertex 11.9536 27.1852 5.6
    endloop
  endfacet
  facet normal -0.453988 -0.891008 -0
    outer loop
      vertex 12.7202 26.7946 5.6
      vertex 11.9536 27.1852 1.6
      vertex 12.7202 26.7946 1.6
    endloop
  endfacet
  facet normal -0.707107 0.707107 0
    outer loop
      vertex 11.3452 31.0264 1.6
      vertex 11.9536 31.6348 5.6
      vertex 11.9536 31.6348 1.6
    endloop
  endfacet
  facet normal -0.707107 0.707107 0
    outer loop
      vertex 11.9536 31.6348 5.6
      vertex 11.3452 31.0264 1.6
      vertex 11.3452 31.0264 5.6
    endloop
  endfacet
  facet normal 0 0 -1
    outer loop
      vertex 15.17 29.41 1.6
      vertex 16.32 29.41 1.6
      vertex 16.1854 28.5602 1.6
    endloop
  endfacet
  facet normal 0 0 -1
    outer loop
      vertex 15.0482 28.7977 1.6
      vertex 16.1854 28.5602 1.6
      vertex 15.7948 27.7936 1.6
    endloop
  endfacet
  facet normal 0 0 -1
    outer loop
      vertex 16.32 29.41 1.6
      vertex 15.17 29.41 1.6
      vertex 16.1854 30.2598 1.6
    endloop
  endfacet
  facet normal 0 0 -1
    outer loop
      vertex 14.7014 28.2786 1.6
      vertex 15.7948 27.7936 1.6
      vertex 15.1864 27.1852 1.6
    endloop
  endfacet
  facet normal 0 0 -1
    outer loop
      vertex 15.0482 30.0223 1.6
      vertex 16.1854 30.2598 1.6
      vertex 15.17 29.41 1.6
    endloop
  endfacet
  facet normal -0 0 -1
    outer loop
      vertex 16.1854 30.2598 1.6
      vertex 15.0482 30.0223 1.6
      vertex 15.7948 31.0264 1.6
    endloop
  endfacet
  facet normal 0 0 -1
    outer loop
      vertex 16.1854 28.5602 1.6
      vertex 15.0482 28.7977 1.6
      vertex 15.17 29.41 1.6
    endloop
  endfacet
  facet normal 0 0 -1
    outer loop
      vertex 15.7948 27.7936 1.6
      vertex 14.7014 28.2786 1.6
      vertex 15.0482 28.7977 1.6
    endloop
  endfacet
  facet normal 0 0 -1
    outer loop
      vertex 14.1823 27.9318 1.6
      vertex 15.1864 27.1852 1.6
      vertex 14.4198 26.7946 1.6
    endloop
  endfacet
  facet normal 0 0 -1
    outer loop
      vertex 15.1864 27.1852 1.6
      vertex 14.1823 27.9318 1.6
      vertex 14.7014 28.2786 1.6
    endloop
  endfacet
  facet normal 0 0 -1
    outer loop
      vertex 13.57 27.81 1.6
      vertex 14.4198 26.7946 1.6
      vertex 13.57 26.66 1.6
    endloop
  endfacet
  facet normal 0 0 -1
    outer loop
      vertex 14.4198 26.7946 1.6
      vertex 13.57 27.81 1.6
      vertex 14.1823 27.9318 1.6
    endloop
  endfacet
  facet normal 0 0 -1
    outer loop
      vertex 12.7202 26.7946 1.6
      vertex 13.57 27.81 1.6
      vertex 13.57 26.66 1.6
    endloop
  endfacet
  facet normal -0 0 -1
    outer loop
      vertex 13.57 27.81 1.6
      vertex 12.7202 26.7946 1.6
      vertex 12.9577 27.9318 1.6
    endloop
  endfacet
  facet normal 0 0 -1
    outer loop
      vertex 11.9536 27.1852 1.6
      vertex 12.9577 27.9318 1.6
      vertex 12.7202 26.7946 1.6
    endloop
  endfacet
  facet normal -0 0 -1
    outer loop
      vertex 12.9577 27.9318 1.6
      vertex 11.9536 27.1852 1.6
      vertex 12.4386 28.2786 1.6
    endloop
  endfacet
  facet normal -0 0 -1
    outer loop
      vertex 12.4386 28.2786 1.6
      vertex 11.3452 27.7936 1.6
      vertex 12.0918 28.7977 1.6
    endloop
  endfacet
  facet normal 0 0 -1
    outer loop
      vertex 11.3452 27.7936 1.6
      vertex 12.4386 28.2786 1.6
      vertex 11.9536 27.1852 1.6
    endloop
  endfacet
  facet normal 0 0 -1
    outer loop
      vertex 14.7014 30.5414 1.6
      vertex 15.7948 31.0264 1.6
      vertex 15.0482 30.0223 1.6
    endloop
  endfacet
  facet normal -0 0 -1
    outer loop
      vertex 15.7948 31.0264 1.6
      vertex 14.7014 30.5414 1.6
      vertex 15.1864 31.6348 1.6
    endloop
  endfacet
  facet normal 0 0 -1
    outer loop
      vertex 14.1823 30.8882 1.6
      vertex 15.1864 31.6348 1.6
      vertex 14.7014 30.5414 1.6
    endloop
  endfacet
  facet normal -0 0 -1
    outer loop
      vertex 15.1864 31.6348 1.6
      vertex 14.1823 30.8882 1.6
      vertex 14.4198 32.0254 1.6
    endloop
  endfacet
  facet normal 0 0 -1
    outer loop
      vertex 13.57 31.01 1.6
      vertex 14.4198 32.0254 1.6
      vertex 14.1823 30.8882 1.6
    endloop
  endfacet
  facet normal 0 0 -1
    outer loop
      vertex 13.57 31.01 1.6
      vertex 13.57 32.16 1.6
      vertex 14.4198 32.0254 1.6
    endloop
  endfacet
  facet normal 0 0 -1
    outer loop
      vertex 12.7202 32.0254 1.6
      vertex 13.57 31.01 1.6
      vertex 12.9577 30.8882 1.6
    endloop
  endfacet
  facet normal 0 0 -1
    outer loop
      vertex 13.57 31.01 1.6
      vertex 12.7202 32.0254 1.6
      vertex 13.57 32.16 1.6
    endloop
  endfacet
  facet normal 0 0 -1
    outer loop
      vertex 11.9536 31.6348 1.6
      vertex 12.9577 30.8882 1.6
      vertex 12.4386 30.5414 1.6
    endloop
  endfacet
  facet normal 0 0 -1
    outer loop
      vertex 11.3452 31.0264 1.6
      vertex 12.4386 30.5414 1.6
      vertex 12.0918 30.0223 1.6
    endloop
  endfacet
  facet normal 0 0 -1
    outer loop
      vertex 12.9577 30.8882 1.6
      vertex 11.9536 31.6348 1.6
      vertex 12.7202 32.0254 1.6
    endloop
  endfacet
  facet normal 0 0 -1
    outer loop
      vertex 10.9546 30.2598 1.6
      vertex 12.0918 30.0223 1.6
      vertex 11.97 29.41 1.6
    endloop
  endfacet
  facet normal 0 0 -1
    outer loop
      vertex 10.9546 28.5602 1.6
      vertex 12.0918 28.7977 1.6
      vertex 11.3452 27.7936 1.6
    endloop
  endfacet
  facet normal -0 0 -1
    outer loop
      vertex 12.0918 28.7977 1.6
      vertex 10.9546 28.5602 1.6
      vertex 11.97 29.41 1.6
    endloop
  endfacet
  facet normal 0 0 -1
    outer loop
      vertex 12.4386 30.5414 1.6
      vertex 11.3452 31.0264 1.6
      vertex 11.9536 31.6348 1.6
    endloop
  endfacet
  facet normal 0 0 -1
    outer loop
      vertex 10.82 29.41 1.6
      vertex 11.97 29.41 1.6
      vertex 10.9546 28.5602 1.6
    endloop
  endfacet
  facet normal 0 0 -1
    outer loop
      vertex 12.0918 30.0223 1.6
      vertex 10.9546 30.2598 1.6
      vertex 11.3452 31.0264 1.6
    endloop
  endfacet
  facet normal 0 0 -1
    outer loop
      vertex 11.97 29.41 1.6
      vertex 10.82 29.41 1.6
      vertex 10.9546 30.2598 1.6
    endloop
  endfacet
  facet normal 0.891008 0.453988 0
    outer loop
      vertex 16.1854 30.2598 5.6
      vertex 15.7948 31.0264 1.6
      vertex 15.7948 31.0264 5.6
    endloop
  endfacet
  facet normal 0.891008 0.453988 0
    outer loop
      vertex 15.7948 31.0264 1.6
      vertex 16.1854 30.2598 5.6
      vertex 16.1854 30.2598 1.6
    endloop
  endfacet
  facet normal 0.707107 -0.707107 0
    outer loop
      vertex 15.1864 27.1852 5.6
      vertex 15.7948 27.7936 1.6
      vertex 15.7948 27.7936 5.6
    endloop
  endfacet
  facet normal 0.707107 -0.707107 0
    outer loop
      vertex 15.7948 27.7936 1.6
      vertex 15.1864 27.1852 5.6
      vertex 15.1864 27.1852 1.6
    endloop
  endfacet
  facet normal 0.15644 -0.987687 0
    outer loop
      vertex 13.57 26.66 1.6
      vertex 14.4198 26.7946 5.6
      vertex 13.57 26.66 5.6
    endloop
  endfacet
  facet normal 0.15644 -0.987687 0
    outer loop
      vertex 14.4198 26.7946 5.6
      vertex 13.57 26.66 1.6
      vertex 14.4198 26.7946 1.6
    endloop
  endfacet
  facet normal 0.707107 0.707107 0
    outer loop
      vertex 15.7948 31.0264 5.6
      vertex 15.1864 31.6348 1.6
      vertex 15.1864 31.6348 5.6
    endloop
  endfacet
  facet normal 0.707107 0.707107 0
    outer loop
      vertex 15.1864 31.6348 1.6
      vertex 15.7948 31.0264 5.6
      vertex 15.7948 31.0264 1.6
    endloop
  endfacet
  facet normal -0.987687 -0.15644 0
    outer loop
      vertex 10.9546 28.5602 1.6
      vertex 10.82 29.41 5.6
      vertex 10.82 29.41 1.6
    endloop
  endfacet
  facet normal -0.987687 -0.15644 0
    outer loop
      vertex 10.82 29.41 5.6
      vertex 10.9546 28.5602 1.6
      vertex 10.9546 28.5602 5.6
    endloop
  endfacet
  facet normal -0.707107 -0.707107 0
    outer loop
      vertex 11.9536 27.1852 1.6
      vertex 11.3452 27.7936 5.6
      vertex 11.3452 27.7936 1.6
    endloop
  endfacet
  facet normal -0.707107 -0.707107 0
    outer loop
      vertex 11.3452 27.7936 5.6
      vertex 11.9536 27.1852 1.6
      vertex 11.9536 27.1852 5.6
    endloop
  endfacet
  facet normal 0.453988 -0.891008 0
    outer loop
      vertex 14.4198 26.7946 1.6
      vertex 15.1864 27.1852 5.6
      vertex 14.4198 26.7946 5.6
    endloop
  endfacet
  facet normal 0.453988 -0.891008 0
    outer loop
      vertex 15.1864 27.1852 5.6
      vertex 14.4198 26.7946 1.6
      vertex 15.1864 27.1852 1.6
    endloop
  endfacet
  facet normal 0.453988 0.891008 -0
    outer loop
      vertex 15.1864 31.6348 1.6
      vertex 14.4198 32.0254 5.6
      vertex 15.1864 31.6348 5.6
    endloop
  endfacet
  facet normal 0.453988 0.891008 0
    outer loop
      vertex 14.4198 32.0254 5.6
      vertex 15.1864 31.6348 1.6
      vertex 14.4198 32.0254 1.6
    endloop
  endfacet
  facet normal -0.15644 0.987687 0
    outer loop
      vertex 13.57 32.16 1.6
      vertex 12.7202 32.0254 5.6
      vertex 13.57 32.16 5.6
    endloop
  endfacet
  facet normal -0.15644 0.987687 0
    outer loop
      vertex 12.7202 32.0254 5.6
      vertex 13.57 32.16 1.6
      vertex 12.7202 32.0254 1.6
    endloop
  endfacet
  facet normal 0.15644 0.987687 -0
    outer loop
      vertex 14.4198 32.0254 1.6
      vertex 13.57 32.16 5.6
      vertex 14.4198 32.0254 5.6
    endloop
  endfacet
  facet normal 0.15644 0.987687 0
    outer loop
      vertex 13.57 32.16 5.6
      vertex 14.4198 32.0254 1.6
      vertex 13.57 32.16 1.6
    endloop
  endfacet
  facet normal -0.15644 -0.987687 0
    outer loop
      vertex 12.7202 26.7946 1.6
      vertex 13.57 26.66 5.6
      vertex 12.7202 26.7946 5.6
    endloop
  endfacet
  facet normal -0.15644 -0.987687 -0
    outer loop
      vertex 13.57 26.66 5.6
      vertex 12.7202 26.7946 1.6
      vertex 13.57 26.66 1.6
    endloop
  endfacet
  facet normal -0.453988 0.891008 0
    outer loop
      vertex 12.7202 32.0254 1.6
      vertex 11.9536 31.6348 5.6
      vertex 12.7202 32.0254 5.6
    endloop
  endfacet
  facet normal -0.453988 0.891008 0
    outer loop
      vertex 11.9536 31.6348 5.6
      vertex 12.7202 32.0254 1.6
      vertex 11.9536 31.6348 1.6
    endloop
  endfacet
  facet normal -0.891008 -0.453988 0
    outer loop
      vertex 11.3452 27.7936 1.6
      vertex 10.9546 28.5602 5.6
      vertex 10.9546 28.5602 1.6
    endloop
  endfacet
  facet normal -0.891008 -0.453988 0
    outer loop
      vertex 10.9546 28.5602 5.6
      vertex 11.3452 27.7936 1.6
      vertex 11.3452 27.7936 5.6
    endloop
  endfacet
  facet normal -0.987687 0.15644 0
    outer loop
      vertex 10.82 29.41 1.6
      vertex 10.9546 30.2598 5.6
      vertex 10.9546 30.2598 1.6
    endloop
  endfacet
  facet normal -0.987687 0.15644 0
    outer loop
      vertex 10.9546 30.2598 5.6
      vertex 10.82 29.41 1.6
      vertex 10.82 29.41 5.6
    endloop
  endfacet
  facet normal -0.891008 0.453988 0
    outer loop
      vertex 10.9546 30.2598 1.6
      vertex 11.3452 31.0264 5.6
      vertex 11.3452 31.0264 1.6
    endloop
  endfacet
  facet normal -0.891008 0.453988 0
    outer loop
      vertex 11.3452 31.0264 5.6
      vertex 10.9546 30.2598 1.6
      vertex 10.9546 30.2598 5.6
    endloop
  endfacet
  facet normal 0.891008 -0.453988 0
    outer loop
      vertex 15.7948 27.7936 5.6
      vertex 16.1854 28.5602 1.6
      vertex 16.1854 28.5602 5.6
    endloop
  endfacet
  facet normal 0.891008 -0.453988 0
    outer loop
      vertex 16.1854 28.5602 1.6
      vertex 15.7948 27.7936 5.6
      vertex 15.7948 27.7936 1.6
    endloop
  endfacet
  facet normal 0.987687 -0.15644 0
    outer loop
      vertex 16.1854 28.5602 5.6
      vertex 16.32 29.41 1.6
      vertex 16.32 29.41 5.6
    endloop
  endfacet
  facet normal 0.987687 -0.15644 0
    outer loop
      vertex 16.32 29.41 1.6
      vertex 16.1854 28.5602 5.6
      vertex 16.1854 28.5602 1.6
    endloop
  endfacet
  facet normal 0 0 1
    outer loop
      vertex 15.17 29.41 5.6
      vertex 16.32 29.41 5.6
      vertex 16.1854 30.2598 5.6
    endloop
  endfacet
  facet normal 0 0 1
    outer loop
      vertex 15.0482 30.0223 5.6
      vertex 16.1854 30.2598 5.6
      vertex 15.7948 31.0264 5.6
    endloop
  endfacet
  facet normal 0 0 1
    outer loop
      vertex 16.32 29.41 5.6
      vertex 15.17 29.41 5.6
      vertex 16.1854 28.5602 5.6
    endloop
  endfacet
  facet normal 0 0 1
    outer loop
      vertex 14.7014 30.5414 5.6
      vertex 15.7948 31.0264 5.6
      vertex 15.1864 31.6348 5.6
    endloop
  endfacet
  facet normal -0 0 1
    outer loop
      vertex 15.0482 28.7977 5.6
      vertex 16.1854 28.5602 5.6
      vertex 15.17 29.41 5.6
    endloop
  endfacet
  facet normal 0 0 1
    outer loop
      vertex 16.1854 28.5602 5.6
      vertex 15.0482 28.7977 5.6
      vertex 15.7948 27.7936 5.6
    endloop
  endfacet
  facet normal 0 0 1
    outer loop
      vertex 16.1854 30.2598 5.6
      vertex 15.0482 30.0223 5.6
      vertex 15.17 29.41 5.6
    endloop
  endfacet
  facet normal 0 0 1
    outer loop
      vertex 15.7948 31.0264 5.6
      vertex 14.7014 30.5414 5.6
      vertex 15.0482 30.0223 5.6
    endloop
  endfacet
  facet normal 0 0 1
    outer loop
      vertex 14.1823 30.8882 5.6
      vertex 15.1864 31.6348 5.6
      vertex 14.4198 32.0254 5.6
    endloop
  endfacet
  facet normal 0 0 1
    outer loop
      vertex 15.1864 31.6348 5.6
      vertex 14.1823 30.8882 5.6
      vertex 14.7014 30.5414 5.6
    endloop
  endfacet
  facet normal 0 0 1
    outer loop
      vertex 13.57 31.01 5.6
      vertex 14.4198 32.0254 5.6
      vertex 13.57 32.16 5.6
    endloop
  endfacet
  facet normal 0 0 1
    outer loop
      vertex 14.4198 32.0254 5.6
      vertex 13.57 31.01 5.6
      vertex 14.1823 30.8882 5.6
    endloop
  endfacet
  facet normal -0 0 1
    outer loop
      vertex 12.7202 32.0254 5.6
      vertex 13.57 31.01 5.6
      vertex 13.57 32.16 5.6
    endloop
  endfacet
  facet normal 0 0 1
    outer loop
      vertex 13.57 31.01 5.6
      vertex 12.7202 32.0254 5.6
      vertex 12.9577 30.8882 5.6
    endloop
  endfacet
  facet normal -0 0 1
    outer loop
      vertex 11.9536 31.6348 5.6
      vertex 12.9577 30.8882 5.6
      vertex 12.7202 32.0254 5.6
    endloop
  endfacet
  facet normal 0 0 1
    outer loop
      vertex 12.9577 30.8882 5.6
      vertex 11.9536 31.6348 5.6
      vertex 12.4386 30.5414 5.6
    endloop
  endfacet
  facet normal 0 0 1
    outer loop
      vertex 12.4386 30.5414 5.6
      vertex 11.3452 31.0264 5.6
      vertex 12.0918 30.0223 5.6
    endloop
  endfacet
  facet normal -0 0 1
    outer loop
      vertex 11.3452 31.0264 5.6
      vertex 12.4386 30.5414 5.6
      vertex 11.9536 31.6348 5.6
    endloop
  endfacet
  facet normal -0 0 1
    outer loop
      vertex 14.7014 28.2786 5.6
      vertex 15.7948 27.7936 5.6
      vertex 15.0482 28.7977 5.6
    endloop
  endfacet
  facet normal 0 0 1
    outer loop
      vertex 15.7948 27.7936 5.6
      vertex 14.7014 28.2786 5.6
      vertex 15.1864 27.1852 5.6
    endloop
  endfacet
  facet normal -0 0 1
    outer loop
      vertex 14.1823 27.9318 5.6
      vertex 15.1864 27.1852 5.6
      vertex 14.7014 28.2786 5.6
    endloop
  endfacet
  facet normal 0 0 1
    outer loop
      vertex 15.1864 27.1852 5.6
      vertex 14.1823 27.9318 5.6
      vertex 14.4198 26.7946 5.6
    endloop
  endfacet
  facet normal -0 0 1
    outer loop
      vertex 13.57 27.81 5.6
      vertex 14.4198 26.7946 5.6
      vertex 14.1823 27.9318 5.6
    endloop
  endfacet
  facet normal 0 0 1
    outer loop
      vertex 13.57 27.81 5.6
      vertex 13.57 26.66 5.6
      vertex 14.4198 26.7946 5.6
    endloop
  endfacet
  facet normal 0 0 1
    outer loop
      vertex 12.7202 26.7946 5.6
      vertex 13.57 27.81 5.6
      vertex 12.9577 27.9318 5.6
    endloop
  endfacet
  facet normal 0 0 1
    outer loop
      vertex 13.57 27.81 5.6
      vertex 12.7202 26.7946 5.6
      vertex 13.57 26.66 5.6
    endloop
  endfacet
  facet normal 0 0 1
    outer loop
      vertex 11.9536 27.1852 5.6
      vertex 12.9577 27.9318 5.6
      vertex 12.4386 28.2786 5.6
    endloop
  endfacet
  facet normal 0 0 1
    outer loop
      vertex 11.3452 27.7936 5.6
      vertex 12.4386 28.2786 5.6
      vertex 12.0918 28.7977 5.6
    endloop
  endfacet
  facet normal 0 0 1
    outer loop
      vertex 12.9577 27.9318 5.6
      vertex 11.9536 27.1852 5.6
      vertex 12.7202 26.7946 5.6
    endloop
  endfacet
  facet normal 0 0 1
    outer loop
      vertex 10.9546 28.5602 5.6
      vertex 12.0918 28.7977 5.6
      vertex 11.97 29.41 5.6
    endloop
  endfacet
  facet normal -0 0 1
    outer loop
      vertex 10.9546 30.2598 5.6
      vertex 12.0918 30.0223 5.6
      vertex 11.3452 31.0264 5.6
    endloop
  endfacet
  facet normal 0 0 1
    outer loop
      vertex 12.0918 30.0223 5.6
      vertex 10.9546 30.2598 5.6
      vertex 11.97 29.41 5.6
    endloop
  endfacet
  facet normal 0 0 1
    outer loop
      vertex 12.4386 28.2786 5.6
      vertex 11.3452 27.7936 5.6
      vertex 11.9536 27.1852 5.6
    endloop
  endfacet
  facet normal 0 0 1
    outer loop
      vertex 10.82 29.41 5.6
      vertex 11.97 29.41 5.6
      vertex 10.9546 30.2598 5.6
    endloop
  endfacet
  facet normal 0 0 1
    outer loop
      vertex 12.0918 28.7977 5.6
      vertex 10.9546 28.5602 5.6
      vertex 11.3452 27.7936 5.6
    endloop
  endfacet
  facet normal 0 0 1
    outer loop
      vertex 11.97 29.41 5.6
      vertex 10.82 29.41 5.6
      vertex 10.9546 28.5602 5.6
    endloop
  endfacet
  facet normal -0.831508 -0.555513 0
    outer loop
      vertex 15.0482 30.0223 1.6
      vertex 14.7014 30.5414 5.6
      vertex 14.7014 30.5414 1.6
    endloop
  endfacet
  facet normal -0.831508 -0.555513 0
    outer loop
      vertex 14.7014 30.5414 5.6
      vertex 15.0482 30.0223 1.6
      vertex 15.0482 30.0223 5.6
    endloop
  endfacet
  facet normal -0.980783 -0.1951 0
    outer loop
      vertex 15.17 29.41 1.6
      vertex 15.0482 30.0223 5.6
      vertex 15.0482 30.0223 1.6
    endloop
  endfacet
  facet normal -0.980783 -0.1951 0
    outer loop
      vertex 15.0482 30.0223 5.6
      vertex 15.17 29.41 1.6
      vertex 15.17 29.41 5.6
    endloop
  endfacet
  facet normal 0.980783 -0.1951 0
    outer loop
      vertex 11.97 29.41 5.6
      vertex 12.0918 30.0223 1.6
      vertex 12.0918 30.0223 5.6
    endloop
  endfacet
  facet normal 0.980783 -0.1951 0
    outer loop
      vertex 12.0918 30.0223 1.6
      vertex 11.97 29.41 5.6
      vertex 11.97 29.41 1.6
    endloop
  endfacet
  facet normal 0.980783 0.1951 0
    outer loop
      vertex 12.0918 28.7977 5.6
      vertex 11.97 29.41 1.6
      vertex 11.97 29.41 5.6
    endloop
  endfacet
  facet normal 0.980783 0.1951 0
    outer loop
      vertex 11.97 29.41 1.6
      vertex 12.0918 28.7977 5.6
      vertex 12.0918 28.7977 1.6
    endloop
  endfacet
  facet normal 0.1951 -0.980783 0
    outer loop
      vertex 12.9577 30.8882 1.6
      vertex 13.57 31.01 5.6
      vertex 12.9577 30.8882 5.6
    endloop
  endfacet
  facet normal 0.1951 -0.980783 0
    outer loop
      vertex 13.57 31.01 5.6
      vertex 12.9577 30.8882 1.6
      vertex 13.57 31.01 1.6
    endloop
  endfacet
  facet normal 0.831508 0.555513 0
    outer loop
      vertex 12.4386 28.2786 5.6
      vertex 12.0918 28.7977 1.6
      vertex 12.0918 28.7977 5.6
    endloop
  endfacet
  facet normal 0.831508 0.555513 0
    outer loop
      vertex 12.0918 28.7977 1.6
      vertex 12.4386 28.2786 5.6
      vertex 12.4386 28.2786 1.6
    endloop
  endfacet
  facet normal -0.1951 0.980783 0
    outer loop
      vertex 14.1823 27.9318 1.6
      vertex 13.57 27.81 5.6
      vertex 14.1823 27.9318 5.6
    endloop
  endfacet
  facet normal -0.1951 0.980783 0
    outer loop
      vertex 13.57 27.81 5.6
      vertex 14.1823 27.9318 1.6
      vertex 13.57 27.81 1.6
    endloop
  endfacet
  facet normal -0.831508 0.555513 0
    outer loop
      vertex 14.7014 28.2786 1.6
      vertex 15.0482 28.7977 5.6
      vertex 15.0482 28.7977 1.6
    endloop
  endfacet
  facet normal -0.831508 0.555513 0
    outer loop
      vertex 15.0482 28.7977 5.6
      vertex 14.7014 28.2786 1.6
      vertex 14.7014 28.2786 5.6
    endloop
  endfacet
  facet normal -0.555513 -0.831508 0
    outer loop
      vertex 14.1823 30.8882 1.6
      vertex 14.7014 30.5414 5.6
      vertex 14.1823 30.8882 5.6
    endloop
  endfacet
  facet normal -0.555513 -0.831508 -0
    outer loop
      vertex 14.7014 30.5414 5.6
      vertex 14.1823 30.8882 1.6
      vertex 14.7014 30.5414 1.6
    endloop
  endfacet
  facet normal -0.980783 0.1951 0
    outer loop
      vertex 15.0482 28.7977 1.6
      vertex 15.17 29.41 5.6
      vertex 15.17 29.41 1.6
    endloop
  endfacet
  facet normal -0.980783 0.1951 0
    outer loop
      vertex 15.17 29.41 5.6
      vertex 15.0482 28.7977 1.6
      vertex 15.0482 28.7977 5.6
    endloop
  endfacet
  facet normal 0.831508 -0.555513 0
    outer loop
      vertex 12.0918 30.0223 5.6
      vertex 12.4386 30.5414 1.6
      vertex 12.4386 30.5414 5.6
    endloop
  endfacet
  facet normal 0.831508 -0.555513 0
    outer loop
      vertex 12.4386 30.5414 1.6
      vertex 12.0918 30.0223 5.6
      vertex 12.0918 30.0223 1.6
    endloop
  endfacet
  facet normal -0.555513 0.831508 0
    outer loop
      vertex 14.7014 28.2786 1.6
      vertex 14.1823 27.9318 5.6
      vertex 14.7014 28.2786 5.6
    endloop
  endfacet
  facet normal -0.555513 0.831508 0
    outer loop
      vertex 14.1823 27.9318 5.6
      vertex 14.7014 28.2786 1.6
      vertex 14.1823 27.9318 1.6
    endloop
  endfacet
  facet normal -0.1951 -0.980783 0
    outer loop
      vertex 13.57 31.01 1.6
      vertex 14.1823 30.8882 5.6
      vertex 13.57 31.01 5.6
    endloop
  endfacet
  facet normal -0.1951 -0.980783 -0
    outer loop
      vertex 14.1823 30.8882 5.6
      vertex 13.57 31.01 1.6
      vertex 14.1823 30.8882 1.6
    endloop
  endfacet
  facet normal 0.555513 -0.831508 0
    outer loop
      vertex 12.4386 30.5414 1.6
      vertex 12.9577 30.8882 5.6
      vertex 12.4386 30.5414 5.6
    endloop
  endfacet
  facet normal 0.555513 -0.831508 0
    outer loop
      vertex 12.9577 30.8882 5.6
      vertex 12.4386 30.5414 1.6
      vertex 12.9577 30.8882 1.6
    endloop
  endfacet
  facet normal 0.1951 0.980783 -0
    outer loop
      vertex 13.57 27.81 1.6
      vertex 12.9577 27.9318 5.6
      vertex 13.57 27.81 5.6
    endloop
  endfacet
  facet normal 0.1951 0.980783 0
    outer loop
      vertex 12.9577 27.9318 5.6
      vertex 13.57 27.81 1.6
      vertex 12.9577 27.9318 1.6
    endloop
  endfacet
  facet normal 0.555513 0.831508 -0
    outer loop
      vertex 12.9577 27.9318 1.6
      vertex 12.4386 28.2786 5.6
      vertex 12.9577 27.9318 5.6
    endloop
  endfacet
  facet normal 0.555513 0.831508 0
    outer loop
      vertex 12.4386 28.2786 5.6
      vertex 12.9577 27.9318 1.6
      vertex 12.4386 28.2786 1.6
    endloop
  endfacet
  facet normal 0.987687 0.15644 0
    outer loop
      vertex 34.1 29.41 5.6
      vertex 33.9654 30.2598 1.6
      vertex 33.9654 30.2598 5.6
    endloop
  endfacet
  facet normal 0.987687 0.15644 0
    outer loop
      vertex 33.9654 30.2598 1.6
      vertex 34.1 29.41 5.6
      vertex 34.1 29.41 1.6
    endloop
  endfacet
  facet normal -0.453988 -0.891008 0
    outer loop
      vertex 29.7336 27.1852 1.6
      vertex 30.5002 26.7946 5.6
      vertex 29.7336 27.1852 5.6
    endloop
  endfacet
  facet normal -0.453988 -0.891008 -0
    outer loop
      vertex 30.5002 26.7946 5.6
      vertex 29.7336 27.1852 1.6
      vertex 30.5002 26.7946 1.6
    endloop
  endfacet
  facet normal -0.707107 0.707107 0
    outer loop
      vertex 29.1252 31.0264 1.6
      vertex 29.7336 31.6348 5.6
      vertex 29.7336 31.6348 1.6
    endloop
  endfacet
  facet normal -0.707107 0.707107 0
    outer loop
      vertex 29.7336 31.6348 5.6
      vertex 29.1252 31.0264 1.6
      vertex 29.1252 31.0264 5.6
    endloop
  endfacet
  facet normal 0 0 -1
    outer loop
      vertex 32.95 29.41 1.6
      vertex 34.1 29.41 1.6
      vertex 33.9654 28.5602 1.6
    endloop
  endfacet
  facet normal 0 0 -1
    outer loop
      vertex 32.8282 28.7977 1.6
      vertex 33.9654 28.5602 1.6
      vertex 33.5748 27.7936 1.6
    endloop
  endfacet
  facet normal 0 0 -1
    outer loop
      vertex 34.1 29.41 1.6
      vertex 32.95 29.41 1.6
      vertex 33.9654 30.2598 1.6
    endloop
  endfacet
  facet normal 0 0 -1
    outer loop
      vertex 32.4814 28.2786 1.6
      vertex 33.5748 27.7936 1.6
      vertex 32.9664 27.1852 1.6
    endloop
  endfacet
  facet normal 0 0 -1
    outer loop
      vertex 32.8282 30.0223 1.6
      vertex 33.9654 30.2598 1.6
      vertex 32.95 29.41 1.6
    endloop
  endfacet
  facet normal -0 0 -1
    outer loop
      vertex 33.9654 30.2598 1.6
      vertex 32.8282 30.0223 1.6
      vertex 33.5748 31.0264 1.6
    endloop
  endfacet
  facet normal 0 0 -1
    outer loop
      vertex 33.9654 28.5602 1.6
      vertex 32.8282 28.7977 1.6
      vertex 32.95 29.41 1.6
    endloop
  endfacet
  facet normal 0 0 -1
    outer loop
      vertex 33.5748 27.7936 1.6
      vertex 32.4814 28.2786 1.6
      vertex 32.8282 28.7977 1.6
    endloop
  endfacet
  facet normal 0 0 -1
    outer loop
      vertex 31.9623 27.9318 1.6
      vertex 32.9664 27.1852 1.6
      vertex 32.1998 26.7946 1.6
    endloop
  endfacet
  facet normal 0 0 -1
    outer loop
      vertex 32.9664 27.1852 1.6
      vertex 31.9623 27.9318 1.6
      vertex 32.4814 28.2786 1.6
    endloop
  endfacet
  facet normal 0 0 -1
    outer loop
      vertex 31.35 27.81 1.6
      vertex 32.1998 26.7946 1.6
      vertex 31.35 26.66 1.6
    endloop
  endfacet
  facet normal 0 0 -1
    outer loop
      vertex 32.1998 26.7946 1.6
      vertex 31.35 27.81 1.6
      vertex 31.9623 27.9318 1.6
    endloop
  endfacet
  facet normal 0 0 -1
    outer loop
      vertex 30.5002 26.7946 1.6
      vertex 31.35 27.81 1.6
      vertex 31.35 26.66 1.6
    endloop
  endfacet
  facet normal -0 0 -1
    outer loop
      vertex 31.35 27.81 1.6
      vertex 30.5002 26.7946 1.6
      vertex 30.7377 27.9318 1.6
    endloop
  endfacet
  facet normal 0 0 -1
    outer loop
      vertex 29.7336 27.1852 1.6
      vertex 30.7377 27.9318 1.6
      vertex 30.5002 26.7946 1.6
    endloop
  endfacet
  facet normal -0 0 -1
    outer loop
      vertex 30.7377 27.9318 1.6
      vertex 29.7336 27.1852 1.6
      vertex 30.2186 28.2786 1.6
    endloop
  endfacet
  facet normal -0 0 -1
    outer loop
      vertex 30.2186 28.2786 1.6
      vertex 29.1252 27.7936 1.6
      vertex 29.8718 28.7977 1.6
    endloop
  endfacet
  facet normal 0 0 -1
    outer loop
      vertex 29.1252 27.7936 1.6
      vertex 30.2186 28.2786 1.6
      vertex 29.7336 27.1852 1.6
    endloop
  endfacet
  facet normal 0 0 -1
    outer loop
      vertex 32.4814 30.5414 1.6
      vertex 33.5748 31.0264 1.6
      vertex 32.8282 30.0223 1.6
    endloop
  endfacet
  facet normal -0 0 -1
    outer loop
      vertex 33.5748 31.0264 1.6
      vertex 32.4814 30.5414 1.6
      vertex 32.9664 31.6348 1.6
    endloop
  endfacet
  facet normal 0 0 -1
    outer loop
      vertex 31.9623 30.8882 1.6
      vertex 32.9664 31.6348 1.6
      vertex 32.4814 30.5414 1.6
    endloop
  endfacet
  facet normal -0 0 -1
    outer loop
      vertex 32.9664 31.6348 1.6
      vertex 31.9623 30.8882 1.6
      vertex 32.1998 32.0254 1.6
    endloop
  endfacet
  facet normal 0 0 -1
    outer loop
      vertex 31.35 31.01 1.6
      vertex 32.1998 32.0254 1.6
      vertex 31.9623 30.8882 1.6
    endloop
  endfacet
  facet normal 0 0 -1
    outer loop
      vertex 31.35 31.01 1.6
      vertex 31.35 32.16 1.6
      vertex 32.1998 32.0254 1.6
    endloop
  endfacet
  facet normal 0 0 -1
    outer loop
      vertex 30.5002 32.0254 1.6
      vertex 31.35 31.01 1.6
      vertex 30.7377 30.8882 1.6
    endloop
  endfacet
  facet normal 0 0 -1
    outer loop
      vertex 31.35 31.01 1.6
      vertex 30.5002 32.0254 1.6
      vertex 31.35 32.16 1.6
    endloop
  endfacet
  facet normal 0 0 -1
    outer loop
      vertex 29.7336 31.6348 1.6
      vertex 30.7377 30.8882 1.6
      vertex 30.2186 30.5414 1.6
    endloop
  endfacet
  facet normal 0 0 -1
    outer loop
      vertex 29.1252 31.0264 1.6
      vertex 30.2186 30.5414 1.6
      vertex 29.8718 30.0223 1.6
    endloop
  endfacet
  facet normal 0 0 -1
    outer loop
      vertex 30.7377 30.8882 1.6
      vertex 29.7336 31.6348 1.6
      vertex 30.5002 32.0254 1.6
    endloop
  endfacet
  facet normal 0 0 -1
    outer loop
      vertex 28.7346 30.2598 1.6
      vertex 29.8718 30.0223 1.6
      vertex 29.75 29.41 1.6
    endloop
  endfacet
  facet normal 0 0 -1
    outer loop
      vertex 28.7346 28.5602 1.6
      vertex 29.8718 28.7977 1.6
      vertex 29.1252 27.7936 1.6
    endloop
  endfacet
  facet normal -0 0 -1
    outer loop
      vertex 29.8718 28.7977 1.6
      vertex 28.7346 28.5602 1.6
      vertex 29.75 29.41 1.6
    endloop
  endfacet
  facet normal 0 0 -1
    outer loop
      vertex 30.2186 30.5414 1.6
      vertex 29.1252 31.0264 1.6
      vertex 29.7336 31.6348 1.6
    endloop
  endfacet
  facet normal 0 0 -1
    outer loop
      vertex 28.6 29.41 1.6
      vertex 29.75 29.41 1.6
      vertex 28.7346 28.5602 1.6
    endloop
  endfacet
  facet normal 0 0 -1
    outer loop
      vertex 29.8718 30.0223 1.6
      vertex 28.7346 30.2598 1.6
      vertex 29.1252 31.0264 1.6
    endloop
  endfacet
  facet normal 0 0 -1
    outer loop
      vertex 29.75 29.41 1.6
      vertex 28.6 29.41 1.6
      vertex 28.7346 30.2598 1.6
    endloop
  endfacet
  facet normal 0.891008 0.453988 0
    outer loop
      vertex 33.9654 30.2598 5.6
      vertex 33.5748 31.0264 1.6
      vertex 33.5748 31.0264 5.6
    endloop
  endfacet
  facet normal 0.891008 0.453988 0
    outer loop
      vertex 33.5748 31.0264 1.6
      vertex 33.9654 30.2598 5.6
      vertex 33.9654 30.2598 1.6
    endloop
  endfacet
  facet normal 0.707107 -0.707107 0
    outer loop
      vertex 32.9664 27.1852 5.6
      vertex 33.5748 27.7936 1.6
      vertex 33.5748 27.7936 5.6
    endloop
  endfacet
  facet normal 0.707107 -0.707107 0
    outer loop
      vertex 33.5748 27.7936 1.6
      vertex 32.9664 27.1852 5.6
      vertex 32.9664 27.1852 1.6
    endloop
  endfacet
  facet normal 0.15644 -0.987687 0
    outer loop
      vertex 31.35 26.66 1.6
      vertex 32.1998 26.7946 5.6
      vertex 31.35 26.66 5.6
    endloop
  endfacet
  facet normal 0.15644 -0.987687 0
    outer loop
      vertex 32.1998 26.7946 5.6
      vertex 31.35 26.66 1.6
      vertex 32.1998 26.7946 1.6
    endloop
  endfacet
  facet normal 0.707107 0.707107 0
    outer loop
      vertex 33.5748 31.0264 5.6
      vertex 32.9664 31.6348 1.6
      vertex 32.9664 31.6348 5.6
    endloop
  endfacet
  facet normal 0.707107 0.707107 0
    outer loop
      vertex 32.9664 31.6348 1.6
      vertex 33.5748 31.0264 5.6
      vertex 33.5748 31.0264 1.6
    endloop
  endfacet
  facet normal -0.987687 -0.15644 0
    outer loop
      vertex 28.7346 28.5602 1.6
      vertex 28.6 29.41 5.6
      vertex 28.6 29.41 1.6
    endloop
  endfacet
  facet normal -0.987687 -0.15644 0
    outer loop
      vertex 28.6 29.41 5.6
      vertex 28.7346 28.5602 1.6
      vertex 28.7346 28.5602 5.6
    endloop
  endfacet
  facet normal -0.707107 -0.707107 0
    outer loop
      vertex 29.7336 27.1852 1.6
      vertex 29.1252 27.7936 5.6
      vertex 29.1252 27.7936 1.6
    endloop
  endfacet
  facet normal -0.707107 -0.707107 0
    outer loop
      vertex 29.1252 27.7936 5.6
      vertex 29.7336 27.1852 1.6
      vertex 29.7336 27.1852 5.6
    endloop
  endfacet
  facet normal 0.453988 -0.891008 0
    outer loop
      vertex 32.1998 26.7946 1.6
      vertex 32.9664 27.1852 5.6
      vertex 32.1998 26.7946 5.6
    endloop
  endfacet
  facet normal 0.453988 -0.891008 0
    outer loop
      vertex 32.9664 27.1852 5.6
      vertex 32.1998 26.7946 1.6
      vertex 32.9664 27.1852 1.6
    endloop
  endfacet
  facet normal 0.453988 0.891008 -0
    outer loop
      vertex 32.9664 31.6348 1.6
      vertex 32.1998 32.0254 5.6
      vertex 32.9664 31.6348 5.6
    endloop
  endfacet
  facet normal 0.453988 0.891008 0
    outer loop
      vertex 32.1998 32.0254 5.6
      vertex 32.9664 31.6348 1.6
      vertex 32.1998 32.0254 1.6
    endloop
  endfacet
  facet normal -0.15644 0.987687 0
    outer loop
      vertex 31.35 32.16 1.6
      vertex 30.5002 32.0254 5.6
      vertex 31.35 32.16 5.6
    endloop
  endfacet
  facet normal -0.15644 0.987687 0
    outer loop
      vertex 30.5002 32.0254 5.6
      vertex 31.35 32.16 1.6
      vertex 30.5002 32.0254 1.6
    endloop
  endfacet
  facet normal 0.15644 0.987687 -0
    outer loop
      vertex 32.1998 32.0254 1.6
      vertex 31.35 32.16 5.6
      vertex 32.1998 32.0254 5.6
    endloop
  endfacet
  facet normal 0.15644 0.987687 0
    outer loop
      vertex 31.35 32.16 5.6
      vertex 32.1998 32.0254 1.6
      vertex 31.35 32.16 1.6
    endloop
  endfacet
  facet normal -0.15644 -0.987687 0
    outer loop
      vertex 30.5002 26.7946 1.6
      vertex 31.35 26.66 5.6
      vertex 30.5002 26.7946 5.6
    endloop
  endfacet
  facet normal -0.15644 -0.987687 -0
    outer loop
      vertex 31.35 26.66 5.6
      vertex 30.5002 26.7946 1.6
      vertex 31.35 26.66 1.6
    endloop
  endfacet
  facet normal -0.453988 0.891008 0
    outer loop
      vertex 30.5002 32.0254 1.6
      vertex 29.7336 31.6348 5.6
      vertex 30.5002 32.0254 5.6
    endloop
  endfacet
  facet normal -0.453988 0.891008 0
    outer loop
      vertex 29.7336 31.6348 5.6
      vertex 30.5002 32.0254 1.6
      vertex 29.7336 31.6348 1.6
    endloop
  endfacet
  facet normal -0.891008 -0.453988 0
    outer loop
      vertex 29.1252 27.7936 1.6
      vertex 28.7346 28.5602 5.6
      vertex 28.7346 28.5602 1.6
    endloop
  endfacet
  facet normal -0.891008 -0.453988 0
    outer loop
      vertex 28.7346 28.5602 5.6
      vertex 29.1252 27.7936 1.6
      vertex 29.1252 27.7936 5.6
    endloop
  endfacet
  facet normal -0.987687 0.15644 0
    outer loop
      vertex 28.6 29.41 1.6
      vertex 28.7346 30.2598 5.6
      vertex 28.7346 30.2598 1.6
    endloop
  endfacet
  facet normal -0.987687 0.15644 0
    outer loop
      vertex 28.7346 30.2598 5.6
      vertex 28.6 29.41 1.6
      vertex 28.6 29.41 5.6
    endloop
  endfacet
  facet normal -0.891008 0.453988 0
    outer loop
      vertex 28.7346 30.2598 1.6
      vertex 29.1252 31.0264 5.6
      vertex 29.1252 31.0264 1.6
    endloop
  endfacet
  facet normal -0.891008 0.453988 0
    outer loop
      vertex 29.1252 31.0264 5.6
      vertex 28.7346 30.2598 1.6
      vertex 28.7346 30.2598 5.6
    endloop
  endfacet
  facet normal 0.891008 -0.453988 0
    outer loop
      vertex 33.5748 27.7936 5.6
      vertex 33.9654 28.5602 1.6
      vertex 33.9654 28.5602 5.6
    endloop
  endfacet
  facet normal 0.891008 -0.453988 0
    outer loop
      vertex 33.9654 28.5602 1.6
      vertex 33.5748 27.7936 5.6
      vertex 33.5748 27.7936 1.6
    endloop
  endfacet
  facet normal 0.987687 -0.15644 0
    outer loop
      vertex 33.9654 28.5602 5.6
      vertex 34.1 29.41 1.6
      vertex 34.1 29.41 5.6
    endloop
  endfacet
  facet normal 0.987687 -0.15644 0
    outer loop
      vertex 34.1 29.41 1.6
      vertex 33.9654 28.5602 5.6
      vertex 33.9654 28.5602 1.6
    endloop
  endfacet
  facet normal 0 0 1
    outer loop
      vertex 32.95 29.41 5.6
      vertex 34.1 29.41 5.6
      vertex 33.9654 30.2598 5.6
    endloop
  endfacet
  facet normal 0 0 1
    outer loop
      vertex 32.8282 30.0223 5.6
      vertex 33.9654 30.2598 5.6
      vertex 33.5748 31.0264 5.6
    endloop
  endfacet
  facet normal 0 0 1
    outer loop
      vertex 34.1 29.41 5.6
      vertex 32.95 29.41 5.6
      vertex 33.9654 28.5602 5.6
    endloop
  endfacet
  facet normal 0 0 1
    outer loop
      vertex 32.4814 30.5414 5.6
      vertex 33.5748 31.0264 5.6
      vertex 32.9664 31.6348 5.6
    endloop
  endfacet
  facet normal -0 0 1
    outer loop
      vertex 32.8282 28.7977 5.6
      vertex 33.9654 28.5602 5.6
      vertex 32.95 29.41 5.6
    endloop
  endfacet
  facet normal 0 0 1
    outer loop
      vertex 33.9654 28.5602 5.6
      vertex 32.8282 28.7977 5.6
      vertex 33.5748 27.7936 5.6
    endloop
  endfacet
  facet normal 0 0 1
    outer loop
      vertex 33.9654 30.2598 5.6
      vertex 32.8282 30.0223 5.6
      vertex 32.95 29.41 5.6
    endloop
  endfacet
  facet normal 0 0 1
    outer loop
      vertex 33.5748 31.0264 5.6
      vertex 32.4814 30.5414 5.6
      vertex 32.8282 30.0223 5.6
    endloop
  endfacet
  facet normal 0 0 1
    outer loop
      vertex 31.9623 30.8882 5.6
      vertex 32.9664 31.6348 5.6
      vertex 32.1998 32.0254 5.6
    endloop
  endfacet
  facet normal 0 0 1
    outer loop
      vertex 32.9664 31.6348 5.6
      vertex 31.9623 30.8882 5.6
      vertex 32.4814 30.5414 5.6
    endloop
  endfacet
  facet normal 0 0 1
    outer loop
      vertex 31.35 31.01 5.6
      vertex 32.1998 32.0254 5.6
      vertex 31.35 32.16 5.6
    endloop
  endfacet
  facet normal 0 0 1
    outer loop
      vertex 32.1998 32.0254 5.6
      vertex 31.35 31.01 5.6
      vertex 31.9623 30.8882 5.6
    endloop
  endfacet
  facet normal -0 0 1
    outer loop
      vertex 30.5002 32.0254 5.6
      vertex 31.35 31.01 5.6
      vertex 31.35 32.16 5.6
    endloop
  endfacet
  facet normal 0 0 1
    outer loop
      vertex 31.35 31.01 5.6
      vertex 30.5002 32.0254 5.6
      vertex 30.7377 30.8882 5.6
    endloop
  endfacet
  facet normal -0 0 1
    outer loop
      vertex 29.7336 31.6348 5.6
      vertex 30.7377 30.8882 5.6
      vertex 30.5002 32.0254 5.6
    endloop
  endfacet
  facet normal 0 0 1
    outer loop
      vertex 30.7377 30.8882 5.6
      vertex 29.7336 31.6348 5.6
      vertex 30.2186 30.5414 5.6
    endloop
  endfacet
  facet normal 0 0 1
    outer loop
      vertex 30.2186 30.5414 5.6
      vertex 29.1252 31.0264 5.6
      vertex 29.8718 30.0223 5.6
    endloop
  endfacet
  facet normal -0 0 1
    outer loop
      vertex 29.1252 31.0264 5.6
      vertex 30.2186 30.5414 5.6
      vertex 29.7336 31.6348 5.6
    endloop
  endfacet
  facet normal -0 0 1
    outer loop
      vertex 32.4814 28.2786 5.6
      vertex 33.5748 27.7936 5.6
      vertex 32.8282 28.7977 5.6
    endloop
  endfacet
  facet normal 0 0 1
    outer loop
      vertex 33.5748 27.7936 5.6
      vertex 32.4814 28.2786 5.6
      vertex 32.9664 27.1852 5.6
    endloop
  endfacet
  facet normal -0 0 1
    outer loop
      vertex 31.9623 27.9318 5.6
      vertex 32.9664 27.1852 5.6
      vertex 32.4814 28.2786 5.6
    endloop
  endfacet
  facet normal 0 0 1
    outer loop
      vertex 32.9664 27.1852 5.6
      vertex 31.9623 27.9318 5.6
      vertex 32.1998 26.7946 5.6
    endloop
  endfacet
  facet normal -0 0 1
    outer loop
      vertex 31.35 27.81 5.6
      vertex 32.1998 26.7946 5.6
      vertex 31.9623 27.9318 5.6
    endloop
  endfacet
  facet normal 0 0 1
    outer loop
      vertex 31.35 27.81 5.6
      vertex 31.35 26.66 5.6
      vertex 32.1998 26.7946 5.6
    endloop
  endfacet
  facet normal 0 0 1
    outer loop
      vertex 30.5002 26.7946 5.6
      vertex 31.35 27.81 5.6
      vertex 30.7377 27.9318 5.6
    endloop
  endfacet
  facet normal 0 0 1
    outer loop
      vertex 31.35 27.81 5.6
      vertex 30.5002 26.7946 5.6
      vertex 31.35 26.66 5.6
    endloop
  endfacet
  facet normal 0 0 1
    outer loop
      vertex 29.7336 27.1852 5.6
      vertex 30.7377 27.9318 5.6
      vertex 30.2186 28.2786 5.6
    endloop
  endfacet
  facet normal 0 0 1
    outer loop
      vertex 29.1252 27.7936 5.6
      vertex 30.2186 28.2786 5.6
      vertex 29.8718 28.7977 5.6
    endloop
  endfacet
  facet normal 0 0 1
    outer loop
      vertex 30.7377 27.9318 5.6
      vertex 29.7336 27.1852 5.6
      vertex 30.5002 26.7946 5.6
    endloop
  endfacet
  facet normal 0 0 1
    outer loop
      vertex 28.7346 28.5602 5.6
      vertex 29.8718 28.7977 5.6
      vertex 29.75 29.41 5.6
    endloop
  endfacet
  facet normal -0 0 1
    outer loop
      vertex 28.7346 30.2598 5.6
      vertex 29.8718 30.0223 5.6
      vertex 29.1252 31.0264 5.6
    endloop
  endfacet
  facet normal 0 0 1
    outer loop
      vertex 29.8718 30.0223 5.6
      vertex 28.7346 30.2598 5.6
      vertex 29.75 29.41 5.6
    endloop
  endfacet
  facet normal 0 0 1
    outer loop
      vertex 30.2186 28.2786 5.6
      vertex 29.1252 27.7936 5.6
      vertex 29.7336 27.1852 5.6
    endloop
  endfacet
  facet normal 0 0 1
    outer loop
      vertex 28.6 29.41 5.6
      vertex 29.75 29.41 5.6
      vertex 28.7346 30.2598 5.6
    endloop
  endfacet
  facet normal 0 0 1
    outer loop
      vertex 29.8718 28.7977 5.6
      vertex 28.7346 28.5602 5.6
      vertex 29.1252 27.7936 5.6
    endloop
  endfacet
  facet normal 0 0 1
    outer loop
      vertex 29.75 29.41 5.6
      vertex 28.6 29.41 5.6
      vertex 28.7346 28.5602 5.6
    endloop
  endfacet
  facet normal -0.831508 -0.555513 0
    outer loop
      vertex 32.8282 30.0223 1.6
      vertex 32.4814 30.5414 5.6
      vertex 32.4814 30.5414 1.6
    endloop
  endfacet
  facet normal -0.831508 -0.555513 0
    outer loop
      vertex 32.4814 30.5414 5.6
      vertex 32.8282 30.0223 1.6
      vertex 32.8282 30.0223 5.6
    endloop
  endfacet
  facet normal -0.980783 -0.1951 0
    outer loop
      vertex 32.95 29.41 1.6
      vertex 32.8282 30.0223 5.6
      vertex 32.8282 30.0223 1.6
    endloop
  endfacet
  facet normal -0.980783 -0.1951 0
    outer loop
      vertex 32.8282 30.0223 5.6
      vertex 32.95 29.41 1.6
      vertex 32.95 29.41 5.6
    endloop
  endfacet
  facet normal 0.980783 -0.1951 0
    outer loop
      vertex 29.75 29.41 5.6
      vertex 29.8718 30.0223 1.6
      vertex 29.8718 30.0223 5.6
    endloop
  endfacet
  facet normal 0.980783 -0.1951 0
    outer loop
      vertex 29.8718 30.0223 1.6
      vertex 29.75 29.41 5.6
      vertex 29.75 29.41 1.6
    endloop
  endfacet
  facet normal 0.980783 0.1951 0
    outer loop
      vertex 29.8718 28.7977 5.6
      vertex 29.75 29.41 1.6
      vertex 29.75 29.41 5.6
    endloop
  endfacet
  facet normal 0.980783 0.1951 0
    outer loop
      vertex 29.75 29.41 1.6
      vertex 29.8718 28.7977 5.6
      vertex 29.8718 28.7977 1.6
    endloop
  endfacet
  facet normal 0.1951 -0.980783 0
    outer loop
      vertex 30.7377 30.8882 1.6
      vertex 31.35 31.01 5.6
      vertex 30.7377 30.8882 5.6
    endloop
  endfacet
  facet normal 0.1951 -0.980783 0
    outer loop
      vertex 31.35 31.01 5.6
      vertex 30.7377 30.8882 1.6
      vertex 31.35 31.01 1.6
    endloop
  endfacet
  facet normal 0.831508 0.555513 0
    outer loop
      vertex 30.2186 28.2786 5.6
      vertex 29.8718 28.7977 1.6
      vertex 29.8718 28.7977 5.6
    endloop
  endfacet
  facet normal 0.831508 0.555513 0
    outer loop
      vertex 29.8718 28.7977 1.6
      vertex 30.2186 28.2786 5.6
      vertex 30.2186 28.2786 1.6
    endloop
  endfacet
  facet normal -0.1951 0.980783 0
    outer loop
      vertex 31.9623 27.9318 1.6
      vertex 31.35 27.81 5.6
      vertex 31.9623 27.9318 5.6
    endloop
  endfacet
  facet normal -0.1951 0.980783 0
    outer loop
      vertex 31.35 27.81 5.6
      vertex 31.9623 27.9318 1.6
      vertex 31.35 27.81 1.6
    endloop
  endfacet
  facet normal -0.831508 0.555513 0
    outer loop
      vertex 32.4814 28.2786 1.6
      vertex 32.8282 28.7977 5.6
      vertex 32.8282 28.7977 1.6
    endloop
  endfacet
  facet normal -0.831508 0.555513 0
    outer loop
      vertex 32.8282 28.7977 5.6
      vertex 32.4814 28.2786 1.6
      vertex 32.4814 28.2786 5.6
    endloop
  endfacet
  facet normal -0.555513 -0.831508 0
    outer loop
      vertex 31.9623 30.8882 1.6
      vertex 32.4814 30.5414 5.6
      vertex 31.9623 30.8882 5.6
    endloop
  endfacet
  facet normal -0.555513 -0.831508 -0
    outer loop
      vertex 32.4814 30.5414 5.6
      vertex 31.9623 30.8882 1.6
      vertex 32.4814 30.5414 1.6
    endloop
  endfacet
  facet normal -0.980783 0.1951 0
    outer loop
      vertex 32.8282 28.7977 1.6
      vertex 32.95 29.41 5.6
      vertex 32.95 29.41 1.6
    endloop
  endfacet
  facet normal -0.980783 0.1951 0
    outer loop
      vertex 32.95 29.41 5.6
      vertex 32.8282 28.7977 1.6
      vertex 32.8282 28.7977 5.6
    endloop
  endfacet
  facet normal 0.831508 -0.555513 0
    outer loop
      vertex 29.8718 30.0223 5.6
      vertex 30.2186 30.5414 1.6
      vertex 30.2186 30.5414 5.6
    endloop
  endfacet
  facet normal 0.831508 -0.555513 0
    outer loop
      vertex 30.2186 30.5414 1.6
      vertex 29.8718 30.0223 5.6
      vertex 29.8718 30.0223 1.6
    endloop
  endfacet
  facet normal -0.555513 0.831508 0
    outer loop
      vertex 32.4814 28.2786 1.6
      vertex 31.9623 27.9318 5.6
      vertex 32.4814 28.2786 5.6
    endloop
  endfacet
  facet normal -0.555513 0.831508 0
    outer loop
      vertex 31.9623 27.9318 5.6
      vertex 32.4814 28.2786 1.6
      vertex 31.9623 27.9318 1.6
    endloop
  endfacet
  facet normal -0.1951 -0.980783 0
    outer loop
      vertex 31.35 31.01 1.6
      vertex 31.9623 30.8882 5.6
      vertex 31.35 31.01 5.6
    endloop
  endfacet
  facet normal -0.1951 -0.980783 -0
    outer loop
      vertex 31.9623 30.8882 5.6
      vertex 31.35 31.01 1.6
      vertex 31.9623 30.8882 1.6
    endloop
  endfacet
  facet normal 0.555513 -0.831508 0
    outer loop
      vertex 30.2186 30.5414 1.6
      vertex 30.7377 30.8882 5.6
      vertex 30.2186 30.5414 5.6
    endloop
  endfacet
  facet normal 0.555513 -0.831508 0
    outer loop
      vertex 30.7377 30.8882 5.6
      vertex 30.2186 30.5414 1.6
      vertex 30.7377 30.8882 1.6
    endloop
  endfacet
  facet normal 0.1951 0.980783 -0
    outer loop
      vertex 31.35 27.81 1.6
      vertex 30.7377 27.9318 5.6
      vertex 31.35 27.81 5.6
    endloop
  endfacet
  facet normal 0.1951 0.980783 0
    outer loop
      vertex 30.7377 27.9318 5.6
      vertex 31.35 27.81 1.6
      vertex 30.7377 27.9318 1.6
    endloop
  endfacet
  facet normal 0.555513 0.831508 -0
    outer loop
      vertex 30.7377 27.9318 1.6
      vertex 30.2186 28.2786 5.6
      vertex 30.7377 27.9318 5.6
    endloop
  endfacet
  facet normal 0.555513 0.831508 0
    outer loop
      vertex 30.2186 28.2786 5.6
      vertex 30.7377 27.9318 1.6
      vertex 30.2186 28.2786 1.6
    endloop
  endfacet
  facet normal 1 -0 0
    outer loop
      vertex 2.6 15.5 17.4
      vertex 2.6 19.5 14.4
      vertex 2.6 19.5 17.4
    endloop
  endfacet
  facet normal 1 0 0
    outer loop
      vertex 2.6 19.5 14.4
      vertex 2.6 15.5 17.4
      vertex 2.6 15.5 14.4
    endloop
  endfacet
  facet normal -0 0 1
    outer loop
      vertex 1.6 19.5 17.4
      vertex 2.6 15.5 17.4
      vertex 2.6 19.5 17.4
    endloop
  endfacet
  facet normal 0 0 1
    outer loop
      vertex 2.6 15.5 17.4
      vertex 1.6 19.5 17.4
      vertex 1.6 15.5 17.4
    endloop
  endfacet
  facet normal 0 0 -1
    outer loop
      vertex 1.6 15.5 14.4
      vertex 2.6 19.5 14.4
      vertex 2.6 15.5 14.4
    endloop
  endfacet
  facet normal -0 0 -1
    outer loop
      vertex 2.6 19.5 14.4
      vertex 1.6 15.5 14.4
      vertex 1.6 19.5 14.4
    endloop
  endfacet
  facet normal 0 1 -0
    outer loop
      vertex 2.6 19.5 14.4
      vertex 1.6 19.5 17.4
      vertex 2.6 19.5 17.4
    endloop
  endfacet
  facet normal 0 1 0
    outer loop
      vertex 1.6 19.5 17.4
      vertex 2.6 19.5 14.4
      vertex 1.6 19.5 14.4
    endloop
  endfacet
  facet normal 0 -1 0
    outer loop
      vertex 1.6 15.5 14.4
      vertex 2.6 15.5 17.4
      vertex 1.6 15.5 17.4
    endloop
  endfacet
  facet normal 0 -1 -0
    outer loop
      vertex 2.6 15.5 17.4
      vertex 1.6 15.5 14.4
      vertex 2.6 15.5 14.4
    endloop
  endfacet
  facet normal -0 0 1
    outer loop
      vertex 42.4 19.5 17.4
      vertex 43.4 15.5 17.4
      vertex 43.4 19.5 17.4
    endloop
  endfacet
  facet normal 0 0 1
    outer loop
      vertex 43.4 15.5 17.4
      vertex 42.4 19.5 17.4
      vertex 42.4 15.5 17.4
    endloop
  endfacet
  facet normal 0 0 -1
    outer loop
      vertex 42.4 15.5 14.4
      vertex 43.4 19.5 14.4
      vertex 43.4 15.5 14.4
    endloop
  endfacet
  facet normal -0 0 -1
    outer loop
      vertex 43.4 19.5 14.4
      vertex 42.4 15.5 14.4
      vertex 42.4 19.5 14.4
    endloop
  endfacet
  facet normal -1 0 0
    outer loop
      vertex 42.4 15.5 14.4
      vertex 42.4 19.5 17.4
      vertex 42.4 19.5 14.4
    endloop
  endfacet
  facet normal -1 -0 0
    outer loop
      vertex 42.4 19.5 17.4
      vertex 42.4 15.5 14.4
      vertex 42.4 15.5 17.4
    endloop
  endfacet
  facet normal 0 1 -0
    outer loop
      vertex 43.4 19.5 14.4
      vertex 42.4 19.5 17.4
      vertex 43.4 19.5 17.4
    endloop
  endfacet
  facet normal 0 1 0
    outer loop
      vertex 42.4 19.5 17.4
      vertex 43.4 19.5 14.4
      vertex 42.4 19.5 14.4
    endloop
  endfacet
  facet normal 0 -1 0
    outer loop
      vertex 42.4 15.5 14.4
      vertex 43.4 15.5 17.4
      vertex 42.4 15.5 17.4
    endloop
  endfacet
  facet normal 0 -1 -0
    outer loop
      vertex 43.4 15.5 17.4
      vertex 42.4 15.5 14.4
      vertex 43.4 15.5 14.4
    endloop
  endfacet
endsolid OpenSCAD_Model
